발생일시,사망자수,부상자수,중상자수,경상자수,부상신고자수,시도,시군구,사고유형_대분류,사고유형_중분류,가해자법규위반,가해자_당사자종별,피해자_당사자종별,도로형태id,사고id
2019-02-18 17:00:00+09,1,0,0,0,0,경남,함양군,차량단독,도로이탈,안전운전 의무 불이행,농기계,없음,5,408
2019-02-19 02:00:00+09,1,0,0,0,0,서울,영등포구,차량단독,기타,안전운전 의무 불이행,승용차,없음,4,409
2019-02-19 06:00:00+09,1,1,1,0,0,경기,시흥시,차량단독,공작물충돌,안전운전 의무 불이행,승용차,없음,7,410
2019-02-19 10:00:00+09,1,1,1,0,0,경남,사천시,차대차,정면충돌,중앙선 침범,승용차,승용차,2,411
2019-02-19 11:00:00+09,1,0,0,0,0,충남,홍성군,차량단독,공작물충돌,안전운전 의무 불이행,승용차,없음,5,412
2019-02-20 16:00:00+09,1,0,0,0,0,전북,익산시,차대차,측면충돌,과속,승용차,자전거,1,413
2019-02-20 17:00:00+09,1,1,1,0,0,충남,태안군,차대차,정면충돌,중앙선 침범,화물차,화물차,5,414
2019-02-20 18:00:00+09,1,0,0,0,0,경기,용인시,차대사람,횡단중,보행자 보호의무 위반,승용차,보행자,2,415
2019-02-20 22:00:00+09,1,0,0,0,0,경기,오산시,차대사람,기타,안전운전 의무 불이행,승용차,보행자,5,416
2019-02-20 22:00:00+09,1,0,0,0,0,경기,안산시,차대사람,횡단중,안전운전 의무 불이행,승용차,보행자,5,417
2019-02-21 09:00:00+09,1,0,0,0,0,경북,군위군,차대사람,횡단중,안전운전 의무 불이행,화물차,보행자,5,418
2019-02-21 11:00:00+09,1,0,0,0,0,충남,논산시,차량단독,공작물충돌,안전운전 의무 불이행,승용차,없음,5,419
2019-02-21 11:00:00+09,1,0,0,0,0,광주,동구,차대사람,기타,안전운전 의무 불이행,승용차,보행자,5,420
2019-02-21 16:00:00+09,1,0,0,0,0,경북,상주시,차대차,측면충돌,안전운전 의무 불이행,승용차,자전거,5,421
2019-02-21 17:00:00+09,1,2,2,0,0,강원,춘천시,차대차,정면충돌,중앙선 침범,승용차,승용차,5,422
2019-02-21 19:00:00+09,1,0,0,0,0,경북,포항시,차대차,측면충돌,안전운전 의무 불이행,승용차,이륜차,1,423
2019-02-21 19:00:00+09,1,2,0,0,2,경기,포천시,차대차,추돌,안전운전 의무 불이행,승용차,사륜오토바이(ATV),5,424
2019-02-21 20:00:00+09,1,0,0,0,0,경기,수원시,차대차,기타,안전거리 미확보,승용차,승용차,6,425
2019-02-22 00:00:00+09,1,0,0,0,0,경기,성남시,차대사람,횡단중,안전운전 의무 불이행,승합차,보행자,5,426
2019-02-22 01:00:00+09,1,0,0,0,0,대전,서구,차대사람,횡단중,보행자 보호의무 위반,화물차,보행자,1,427
2019-02-22 06:00:00+09,1,0,0,0,0,충남,서천군,차대사람,횡단중,안전운전 의무 불이행,화물차,보행자,5,428
2019-02-22 06:00:00+09,1,1,0,1,0,전남,광양시,차대차,추돌,안전운전 의무 불이행,승용차,특수차,5,429
2019-02-22 07:00:00+09,1,1,0,1,0,제주,제주시,차대차,기타,신호위반,화물차,승용차,1,430
2019-02-22 08:00:00+09,1,0,0,0,0,울산,울주군,차대사람,기타,안전운전 의무 불이행,승용차,보행자,5,431
2019-02-22 10:00:00+09,1,0,0,0,0,경북,상주시,차대사람,차도통행중,안전운전 의무 불이행,화물차,보행자,1,432
2019-02-22 21:00:00+09,1,0,0,0,0,경기,하남시,차대차,정면충돌,신호위반,이륜차,승합차,1,433
2019-02-23 06:00:00+09,1,1,0,1,0,전북,완주군,차대차,추돌,안전운전 의무 불이행,화물차,특수차,5,434
2019-02-23 06:00:00+09,1,0,0,0,0,경남,하동군,차대사람,횡단중,안전운전 의무 불이행,승용차,보행자,5,435
2019-02-23 08:00:00+09,1,0,0,0,0,충북,제천시,차대사람,횡단중,보행자 보호의무 위반,화물차,보행자,6,436
2019-02-23 12:00:00+09,1,1,1,0,0,경기,양주시,차대사람,기타,안전운전 의무 불이행,승용차,보행자,2,437
2019-02-23 14:00:00+09,1,4,1,3,0,강원,춘천시,차대차,정면충돌,중앙선 침범,승용차,승용차,8,438
2019-02-23 18:00:00+09,1,3,2,1,0,광주,북구,차대차,측면충돌,안전운전 의무 불이행,승용차,화물차,1,439
2019-02-23 19:00:00+09,1,0,0,0,0,강원,춘천시,차대사람,횡단중,안전운전 의무 불이행,화물차,보행자,7,440
2019-02-23 19:00:00+09,1,0,0,0,0,전북,김제시,차대사람,길가장자리구역통행중,안전운전 의무 불이행,화물차,보행자,5,441
2019-02-23 20:00:00+09,1,3,2,1,0,전남,신안군,차대사람,기타,안전운전 의무 불이행,화물차,보행자,5,442
2019-02-24 01:00:00+09,1,0,0,0,0,부산,영도구,차대사람,횡단중,안전운전 의무 불이행,승용차,보행자,5,443
2019-02-24 06:00:00+09,1,0,0,0,0,서울,구로구,차량단독,공작물충돌,기타,승용차,없음,5,444
2019-02-24 20:00:00+09,1,1,1,0,0,경남,진주시,차대차,추돌,안전운전 의무 불이행,화물차,화물차,5,445
2019-02-25 06:00:00+09,1,0,0,0,0,서울,성북구,차대차,측면충돌,안전운전 의무 불이행,건설기계,자전거,1,446
2019-02-25 06:00:00+09,1,0,0,0,0,충남,청양군,차대사람,차도통행중,안전운전 의무 불이행,화물차,보행자,5,447
2019-02-25 06:00:00+09,1,0,0,0,0,전남,목포시,차대사람,기타,안전운전 의무 불이행,화물차,보행자,5,448
2019-02-25 11:00:00+09,1,0,0,0,0,경기,파주시,차대사람,기타,안전운전 의무 불이행,화물차,보행자,5,449
2019-02-25 12:00:00+09,1,0,0,0,0,전남,완도군,차량단독,도로이탈,안전운전 의무 불이행,이륜차,없음,2,450
2019-02-25 12:00:00+09,1,2,2,0,0,경기,남양주시,차대차,측면충돌,안전운전 의무 불이행,승합차,화물차,5,451
2019-02-25 14:00:00+09,1,0,0,0,0,충남,보령시,차량단독,공작물충돌,안전운전 의무 불이행,화물차,없음,2,452
2019-02-25 14:00:00+09,1,0,0,0,0,전남,순천시,차대차,측면충돌,안전운전 의무 불이행,건설기계,이륜차,5,453
2019-02-25 14:00:00+09,1,0,0,0,0,경남,창원시,차대사람,횡단중,과속,이륜차,보행자,5,454
2019-02-25 18:00:00+09,1,0,0,0,0,강원,양양군,차대사람,횡단중,안전운전 의무 불이행,승용차,보행자,2,455
2019-02-25 18:00:00+09,1,0,0,0,0,경북,상주시,차대차,추돌,안전운전 의무 불이행,화물차,농기계,7,456
2019-02-25 19:00:00+09,1,0,0,0,0,경북,구미시,차대사람,횡단중,안전운전 의무 불이행,승용차,보행자,2,457
2019-02-25 21:00:00+09,1,1,0,1,0,강원,양양군,차대차,추돌,안전운전 의무 불이행,화물차,승합차,6,458
2019-02-26 00:00:00+09,1,1,1,0,0,부산,영도구,차대사람,차도통행중,신호위반,승용차,보행자,1,459
2019-02-26 01:00:00+09,1,2,0,2,0,대구,북구,차대차,측면충돌,안전운전 의무 불이행,승용차,화물차,8,460
2019-02-26 05:00:00+09,1,0,0,0,0,경기,가평군,차량단독,공작물충돌,안전운전 의무 불이행,승용차,없음,5,461
2019-02-26 06:00:00+09,1,0,0,0,0,경북,경주시,차량단독,공작물충돌,안전운전 의무 불이행,승용차,없음,2,462
2019-02-26 17:00:00+09,1,5,4,1,0,경북,안동시,차대차,기타,안전운전 의무 불이행,승용차,승용차,1,463
2019-02-26 18:00:00+09,1,0,0,0,0,광주,광산구,차대차,측면충돌,신호위반,승용차,이륜차,5,464
2019-02-26 19:00:00+09,1,0,0,0,0,인천,연수구,차대사람,차도통행중,안전운전 의무 불이행,승용차,보행자,1,465
2019-02-26 22:00:00+09,1,0,0,0,0,경기,부천시,차대차,측면충돌,안전운전 의무 불이행,승합차,자전거,1,466
2019-02-27 00:00:00+09,1,1,0,1,0,경남,밀양시,차대차,측면충돌,중앙선 침범,농기계,승용차,1,467
2019-02-27 00:00:00+09,1,0,0,0,0,경기,양주시,차량단독,전도,안전운전 의무 불이행,승용차,없음,5,468
2019-02-27 01:00:00+09,1,0,0,0,0,경기,성남시,차대차,추돌,안전운전 의무 불이행,화물차,화물차,2,469
2019-02-27 01:00:00+09,1,1,1,0,0,경북,칠곡군,차대차,추돌,안전운전 의무 불이행,화물차,화물차,2,470
2019-02-27 01:00:00+09,1,0,0,0,0,대구,동구,차대차,기타,안전운전 의무 불이행,화물차,승용차,5,471
2019-02-27 05:00:00+09,1,0,0,0,0,울산,북구,차대차,추돌,과속,화물차,자전거,5,472
2019-02-27 06:00:00+09,1,0,0,0,0,전북,익산시,차대사람,기타,안전운전 의무 불이행,승용차,보행자,5,473
2019-02-27 13:00:00+09,1,0,0,0,0,경북,봉화군,차대차,기타,안전운전 의무 불이행,화물차,이륜차,5,474
2019-02-27 14:00:00+09,1,0,0,0,0,전남,함평군,차량단독,공작물충돌,안전운전 의무 불이행,승용차,없음,2,475
2019-02-27 14:00:00+09,1,0,0,0,0,대구,중구,차대차,측면충돌,안전운전 의무 불이행,승합차,자전거,5,476
2019-02-27 15:00:00+09,1,2,0,2,0,서울,송파구,차대차,측면충돌,중앙선 침범,이륜차,승용차,5,477
2019-02-27 16:00:00+09,1,0,0,0,0,충북,괴산군,차대사람,횡단중,중앙선 침범,화물차,보행자,5,478
2019-02-27 23:00:00+09,1,2,1,1,0,전북,전주시,차대차,측면충돌,신호위반,승용차,화물차,1,479
2019-02-28 01:00:00+09,1,0,0,0,0,경기,고양시,차대사람,횡단중,과속,승용차,보행자,1,480
2019-02-28 05:00:00+09,1,0,0,0,0,충남,서산시,차대사람,길가장자리구역통행중,안전운전 의무 불이행,화물차,보행자,5,481
2019-02-28 06:00:00+09,1,0,0,0,0,전북,김제시,차대차,기타,안전운전 의무 불이행,화물차,건설기계,5,482
2019-02-28 07:00:00+09,1,0,0,0,0,전북,군산시,차량단독,공작물충돌,안전운전 의무 불이행,승용차,없음,1,483
2019-02-28 08:00:00+09,1,0,0,0,0,부산,남구,차대차,측면충돌,안전운전 의무 불이행,화물차,자전거,1,484
2019-02-28 14:00:00+09,1,1,1,0,0,충남,공주시,차대차,추돌,안전운전 의무 불이행,화물차,화물차,5,485
2019-02-28 19:00:00+09,1,0,0,0,0,전북,임실군,차대사람,횡단중,중앙선 침범,화물차,보행자,5,486
2019-02-28 19:00:00+09,1,0,0,0,0,대구,북구,차대차,측면충돌,안전운전 의무 불이행,건설기계,자전거,1,487
2019-03-01 00:00:00+09,1,0,0,0,0,서울,영등포구,차대사람,기타,안전운전 의무 불이행,화물차,보행자,5,488
2019-03-01 03:00:00+09,1,0,0,0,0,경기,시흥시,차대사람,차도통행중,안전운전 의무 불이행,승용차,보행자,1,489
2019-03-01 10:00:00+09,1,6,2,4,0,충남,천안시,차대차,측면충돌,안전운전 의무 불이행,승용차,승용차,5,490
2019-03-01 16:00:00+09,1,0,0,0,0,경북,경주시,차량단독,전도,안전운전 의무 불이행,농기계,없음,5,491
2019-03-01 21:00:00+09,1,0,0,0,0,충남,당진시,차대사람,기타,안전운전 의무 불이행,승용차,보행자,5,492
2019-03-02 12:00:00+09,1,0,0,0,0,전남,담양군,차량단독,기타,안전운전 의무 불이행,승용차,없음,5,493
2019-03-02 14:00:00+09,1,1,1,0,0,경기,고양시,차대사람,횡단중,안전운전 의무 불이행,건설기계,보행자,3,494
2019-03-02 18:00:00+09,1,0,0,0,0,충남,보령시,차량단독,도로이탈,안전운전 의무 불이행,화물차,없음,5,495
2019-03-02 20:00:00+09,1,0,0,0,0,경남,밀양시,차대사람,횡단중,안전운전 의무 불이행,승합차,보행자,2,496
2019-03-03 01:00:00+09,1,0,0,0,0,서울,종로구,차대차,기타,안전운전 의무 불이행,승용차,이륜차,2,497
2019-03-03 01:00:00+09,1,0,0,0,0,충남,보령시,차대사람,길가장자리구역통행중,안전운전 의무 불이행,화물차,보행자,5,498
2019-03-03 03:00:00+09,1,1,0,0,1,제주,제주시,차대차,정면충돌,중앙선 침범,화물차,화물차,2,499
2019-03-03 09:00:00+09,1,0,0,0,0,전북,무주군,차량단독,기타,안전운전 의무 불이행,농기계,없음,5,500
2019-03-03 10:00:00+09,1,0,0,0,0,경북,경주시,차량단독,공작물충돌,안전운전 의무 불이행,화물차,없음,1,501
2019-03-03 11:00:00+09,1,0,0,0,0,울산,울주군,차대차,측면충돌,교차로 통행방법 위반,농기계,이륜차,1,502
2019-03-03 14:00:00+09,1,0,0,0,0,경기,파주시,차량단독,기타,안전운전 의무 불이행,이륜차,없음,5,503
2019-03-04 02:00:00+09,1,1,1,0,0,강원,춘천시,차량단독,공작물충돌,안전운전 의무 불이행,승용차,없음,1,504
2019-03-04 15:00:00+09,1,0,0,0,0,대구,달성군,차량단독,전도,안전운전 의무 불이행,이륜차,없음,5,505
2019-03-04 16:00:00+09,1,0,0,0,0,경기,부천시,차대사람,횡단중,신호위반,화물차,보행자,3,506
2019-03-04 16:00:00+09,1,0,0,0,0,경남,합천군,차대사람,길가장자리구역통행중,안전운전 의무 불이행,화물차,보행자,5,507
2019-03-04 18:00:00+09,1,0,0,0,0,경북,의성군,차대사람,기타,안전운전 의무 불이행,화물차,보행자,5,508
2019-03-04 22:00:00+09,1,0,0,0,0,경기,시흥시,차대차,측면충돌,과속,승용차,승용차,5,509
2019-03-04 23:00:00+09,1,0,0,0,0,서울,광진구,차대사람,횡단중,보행자 보호의무 위반,화물차,보행자,3,510
2019-03-05 01:00:00+09,1,0,0,0,0,부산,사상구,차대사람,횡단중,안전운전 의무 불이행,승용차,보행자,5,511
2019-03-05 05:00:00+09,1,1,0,1,0,전북,정읍시,차대차,기타,안전운전 의무 불이행,화물차,화물차,5,512
2019-03-05 08:00:00+09,1,0,0,0,0,강원,삼척시,차대사람,보도통행중,기타,승용차,보행자,5,513
2019-03-05 09:00:00+09,2,5,1,4,0,강원,철원군,차대차,측면충돌,중앙선 침범,화물차,승용차,5,514
2019-03-05 11:00:00+09,1,0,0,0,0,경북,안동시,차량단독,도로이탈,안전운전 의무 불이행,화물차,없음,5,515
2019-03-05 11:00:00+09,1,0,0,0,0,경북,의성군,차대사람,횡단중,보행자 보호의무 위반,화물차,보행자,3,516
2019-03-05 11:00:00+09,1,0,0,0,0,대구,북구,차대차,측면충돌,과속,화물차,자전거,5,517
2019-03-05 14:00:00+09,1,0,0,0,0,강원,원주시,차대사람,차도통행중,안전운전 의무 불이행,승용차,보행자,1,518
2019-03-05 19:00:00+09,1,3,0,3,0,전북,부안군,차대차,추돌,과속,승용차,농기계,5,519
2019-03-06 00:00:00+09,1,0,0,0,0,인천,옹진군,차대사람,횡단중,과속,화물차,보행자,4,520
2019-03-06 01:00:00+09,1,0,0,0,0,경북,구미시,차량단독,공작물충돌,안전운전 의무 불이행,승용차,없음,5,521
2019-03-06 01:00:00+09,1,0,0,0,0,인천,서구,차량단독,공작물충돌,안전운전 의무 불이행,이륜차,없음,5,522
2019-03-06 04:00:00+09,1,1,0,1,0,강원,원주시,차량단독,공작물충돌,안전운전 의무 불이행,이륜차,없음,5,523
2019-03-06 10:00:00+09,1,0,0,0,0,강원,평창군,차량단독,전도,안전운전 의무 불이행,농기계,없음,5,524
2019-03-06 10:00:00+09,1,0,0,0,0,충남,예산군,차대차,측면충돌,안전운전 의무 불이행,이륜차,승용차,2,525
2019-03-06 14:00:00+09,1,0,0,0,0,경북,군위군,차량단독,도로이탈,안전운전 의무 불이행,이륜차,없음,5,526
2019-03-06 16:00:00+09,1,1,1,0,0,울산,울주군,차대차,추돌,안전거리 미확보,승용차,특수차,5,527
2019-03-06 18:00:00+09,1,0,0,0,0,서울,관악구,차대사람,기타,안전운전 의무 불이행,화물차,보행자,1,528
2019-03-06 19:00:00+09,1,0,0,0,0,경북,칠곡군,차대사람,기타,안전운전 의무 불이행,승용차,보행자,5,529
2019-03-07 05:00:00+09,1,0,0,0,0,경기,안산시,차대사람,횡단중,안전운전 의무 불이행,승용차,보행자,5,530
2019-03-07 09:00:00+09,1,1,1,0,0,전남,화순군,차대사람,횡단중,안전운전 의무 불이행,승용차,보행자,5,531
2019-03-07 09:00:00+09,1,0,0,0,0,경남,함안군,차대차,기타,안전운전 의무 불이행,화물차,이륜차,5,532
2019-03-07 11:00:00+09,1,0,0,0,0,경남,하동군,차량단독,도로이탈,안전운전 의무 불이행,화물차,없음,5,533
2019-03-07 12:00:00+09,1,1,1,0,0,강원,철원군,차대사람,횡단중,보행자 보호의무 위반,화물차,보행자,5,534
2019-03-07 13:00:00+09,1,0,0,0,0,경남,양산시,차대사람,횡단중,안전운전 의무 불이행,화물차,보행자,1,535
2019-03-07 14:00:00+09,1,0,0,0,0,부산,해운대구,차대사람,기타,안전운전 의무 불이행,승용차,보행자,2,536
2019-03-07 17:00:00+09,1,0,0,0,0,경기,양주시,차대차,측면충돌,신호위반,이륜차,화물차,1,537
2019-03-07 18:00:00+09,1,1,0,1,0,경북,성주군,차량단독,도로이탈,안전운전 의무 불이행,승용차,없음,4,538
2019-03-07 19:00:00+09,1,0,0,0,0,경기,포천시,차대사람,차도통행중,안전운전 의무 불이행,화물차,보행자,5,539
2019-03-07 23:00:00+09,1,1,1,0,0,충북,제천시,차대사람,차도통행중,안전운전 의무 불이행,승용차,보행자,2,540
2019-03-08 00:00:00+09,1,1,1,0,0,대구,북구,차대사람,횡단중,안전운전 의무 불이행,승용차,보행자,3,541
2019-03-08 00:00:00+09,1,1,0,1,0,대전,동구,차대차,측면충돌,중앙선 침범,이륜차,승용차,5,542
2019-03-08 06:00:00+09,1,3,3,0,0,충남,천안시,차대차,기타,과속,화물차,자전거,2,543
2019-03-08 06:00:00+09,1,1,0,1,0,대전,유성구,차대차,측면충돌,신호위반,화물차,승합차,1,544
2019-03-08 07:00:00+09,1,0,0,0,0,충북,영동군,차대차,측면충돌,신호위반,승용차,화물차,1,545
2019-03-08 07:00:00+09,1,0,0,0,0,충남,아산시,차량단독,기타,안전운전 의무 불이행,이륜차,없음,5,546
2019-03-08 07:00:00+09,1,0,0,0,0,경기,남양주시,차대차,추돌,안전운전 의무 불이행,화물차,농기계,1,547
2019-03-08 08:00:00+09,1,1,0,1,0,경기,화성시,차대차,기타,신호위반,화물차,화물차,1,548
2019-03-08 12:00:00+09,1,0,0,0,0,경남,의령군,차대사람,길가장자리구역통행중,안전운전 의무 불이행,화물차,보행자,6,549
2019-03-08 17:00:00+09,1,2,2,0,0,전남,장흥군,차량단독,전도,안전운전 의무 불이행,승용차,없음,5,550
2019-03-08 19:00:00+09,1,0,0,0,0,경북,영주시,차대사람,횡단중,안전운전 의무 불이행,승합차,보행자,5,551
2019-03-08 19:00:00+09,1,0,0,0,0,경북,경산시,차대사람,횡단중,보행자 보호의무 위반,승용차,보행자,3,552
2019-03-08 20:00:00+09,1,0,0,0,0,광주,남구,차대차,측면충돌,중앙선 침범,승용차,이륜차,5,553
2019-03-09 01:00:00+09,1,1,1,0,0,경기,양평군,차대차,기타,안전운전 의무 불이행,이륜차,이륜차,7,554
2019-03-09 01:00:00+09,1,1,0,1,0,경남,김해시,차대사람,횡단중,안전운전 의무 불이행,화물차,보행자,5,555
2019-03-09 04:00:00+09,1,2,0,1,1,경기,성남시,차대차,추돌,안전운전 의무 불이행,이륜차,화물차,2,556
2019-03-09 06:00:00+09,1,0,0,0,0,서울,용산구,차대사람,횡단중,과속,승용차,보행자,6,557
2019-03-09 08:00:00+09,1,0,0,0,0,전남,고흥군,차량단독,전도,안전운전 의무 불이행,이륜차,없음,5,558
2019-03-09 09:00:00+09,1,1,0,0,1,경북,영천시,차대차,추돌,안전운전 의무 불이행,승용차,화물차,5,559
2019-03-09 10:00:00+09,1,1,0,1,0,전북,김제시,차대차,측면충돌,안전운전 의무 불이행,이륜차,화물차,1,560
2019-03-09 13:00:00+09,1,0,0,0,0,경기,안양시,차량단독,전도,안전운전 의무 불이행,자전거,없음,4,561
2019-03-10 00:00:00+09,1,0,0,0,0,서울,동작구,차대사람,횡단중,안전운전 의무 불이행,승용차,보행자,5,562
2019-03-10 01:00:00+09,1,0,0,0,0,경기,동두천시,차량단독,공작물충돌,신호위반,승용차,없음,1,563
2019-03-10 05:00:00+09,1,0,0,0,0,경기,성남시,차대차,정면충돌,안전운전 의무 불이행,승용차,이륜차,2,564
2019-03-10 12:00:00+09,1,0,0,0,0,경기,화성시,차대사람,기타,안전운전 의무 불이행,승용차,보행자,5,565
2019-03-10 15:00:00+09,1,2,0,2,0,전남,영암군,차대차,측면충돌,중앙선 침범,화물차,화물차,5,566
2019-03-10 20:00:00+09,1,1,0,1,0,경기,파주시,차대사람,횡단중,안전운전 의무 불이행,승합차,보행자,5,567
2019-03-11 06:00:00+09,1,0,0,0,0,제주,서귀포시,차대사람,기타,안전운전 의무 불이행,승용차,보행자,2,568
2019-03-11 08:00:00+09,1,0,0,0,0,제주,서귀포시,차대차,측면충돌,중앙선 침범,이륜차,승용차,3,569
2019-03-11 10:00:00+09,1,0,0,0,0,경기,성남시,차대사람,차도통행중,안전운전 의무 불이행,승용차,보행자,5,570
2019-03-12 03:00:00+09,1,0,0,0,0,전북,전주시,차량단독,공작물충돌,안전운전 의무 불이행,승용차,없음,2,571
2019-03-12 10:00:00+09,1,0,0,0,0,전북,전주시,차대사람,횡단중,안전운전 의무 불이행,화물차,보행자,1,572
2019-03-12 10:00:00+09,1,0,0,0,0,전남,순천시,차량단독,도로이탈,안전운전 의무 불이행,화물차,없음,5,573
2019-03-12 13:00:00+09,1,0,0,0,0,경기,광주시,차량단독,공작물충돌,안전운전 의무 불이행,화물차,없음,5,574
2019-03-12 13:00:00+09,1,4,1,3,0,전북,진안군,차대차,기타,안전운전 의무 불이행,승용차,승용차,5,575
2019-03-12 13:00:00+09,1,0,0,0,0,제주,제주시,차대사람,기타,기타,화물차,보행자,5,576
2019-03-12 19:00:00+09,1,0,0,0,0,경북,영천시,차대사람,횡단중,안전운전 의무 불이행,승용차,보행자,5,577
2019-03-12 21:00:00+09,1,1,0,0,1,서울,은평구,차대차,측면충돌,신호위반,이륜차,승합차,1,578
2019-03-12 23:00:00+09,2,5,5,0,0,경북,경산시,차대차,정면충돌,중앙선 침범,승용차,승용차,5,579
2019-03-13 06:00:00+09,1,0,0,0,0,경기,수원시,차대사람,횡단중,과속,화물차,보행자,2,580
2019-03-13 07:00:00+09,1,3,0,3,0,전북,익산시,차대차,정면충돌,신호위반,승용차,승용차,1,581
2019-03-13 09:00:00+09,1,0,0,0,0,대구,달성군,차대사람,보도통행중,신호위반,승용차,보행자,5,582
2019-03-13 09:00:00+09,1,1,1,0,0,대전,중구,차대차,측면충돌,중앙선 침범,자전거,승합차,2,583
2019-03-13 11:00:00+09,1,0,0,0,0,인천,부평구,차대사람,횡단중,보행자 보호의무 위반,화물차,보행자,3,584
2019-03-13 13:00:00+09,1,0,0,0,0,전북,남원시,차량단독,공작물충돌,안전운전 의무 불이행,화물차,없음,5,585
2019-03-13 15:00:00+09,1,0,0,0,0,전남,함평군,차대사람,횡단중,안전운전 의무 불이행,화물차,보행자,1,586
2019-03-13 17:00:00+09,1,0,0,0,0,경남,하동군,차대차,추돌,안전운전 의무 불이행,승용차,건설기계,5,587
2019-03-13 18:00:00+09,1,0,0,0,0,충남,보령시,차대차,측면충돌,신호위반,원동기장치자전거,승용차,1,588
2019-03-13 19:00:00+09,1,0,0,0,0,서울,성동구,차대사람,기타,안전운전 의무 불이행,화물차,보행자,5,589
2019-03-13 21:00:00+09,1,0,0,0,0,전북,부안군,차대차,측면충돌,안전운전 의무 불이행,화물차,원동기장치자전거,5,590
2019-03-13 23:00:00+09,1,0,0,0,0,강원,강릉시,차량단독,도로이탈,안전운전 의무 불이행,화물차,없음,5,591
2019-03-14 00:00:00+09,3,0,0,0,0,경기,평택시,차대차,정면충돌,중앙선 침범,승용차,승용차,5,592
2019-03-14 01:00:00+09,1,2,1,1,0,대구,달성군,차대차,추돌,안전운전 의무 불이행,특수차,화물차,5,593
2019-03-14 03:00:00+09,1,0,0,0,0,서울,금천구,차량단독,공작물충돌,안전운전 의무 불이행,이륜차,없음,5,594
2019-03-14 05:00:00+09,1,0,0,0,0,서울,서대문구,차대차,측면충돌,안전운전 의무 불이행,승용차,승용차,5,595
2019-03-14 05:00:00+09,1,0,0,0,0,인천,부평구,차대사람,횡단중,안전운전 의무 불이행,화물차,보행자,5,596
2019-03-14 05:00:00+09,1,0,0,0,0,울산,울주군,차대사람,횡단중,안전운전 의무 불이행,승용차,보행자,2,597
2019-03-14 15:00:00+09,1,0,0,0,0,경북,김천시,차대차,측면충돌,교차로 통행방법 위반,승용차,이륜차,1,598
2019-03-14 15:00:00+09,1,0,0,0,0,인천,남동구,차대사람,횡단중,안전운전 의무 불이행,승용차,보행자,1,599
2019-03-14 18:00:00+09,1,0,0,0,0,전남,고흥군,차량단독,도로이탈,안전운전 의무 불이행,화물차,없음,5,600
2019-03-14 18:00:00+09,1,0,0,0,0,전남,영광군,차량단독,공작물충돌,안전운전 의무 불이행,이륜차,없음,2,601
2019-03-14 19:00:00+09,1,0,0,0,0,전남,무안군,차대차,측면충돌,신호위반,화물차,화물차,2,602
2019-03-14 21:00:00+09,1,0,0,0,0,전남,장흥군,차량단독,공작물충돌,안전운전 의무 불이행,승용차,없음,2,603
2019-03-15 01:00:00+09,1,0,0,0,0,서울,강서구,차대사람,기타,안전운전 의무 불이행,승합차,보행자,2,604
2019-03-15 03:00:00+09,1,0,0,0,0,경남,거제시,차대사람,차도통행중,안전운전 의무 불이행,승용차,보행자,5,605
2019-03-15 05:00:00+09,1,0,0,0,0,전남,여수시,차대사람,횡단중,안전운전 의무 불이행,승용차,보행자,3,606
2019-03-15 06:00:00+09,1,0,0,0,0,서울,중랑구,차대차,기타,중앙선 침범,기타,승용차,5,607
2019-03-15 06:00:00+09,1,0,0,0,0,전남,목포시,차대사람,기타,과속,승용차,보행자,5,608
2019-03-15 06:00:00+09,1,0,0,0,0,제주,제주시,차량단독,공작물충돌,안전운전 의무 불이행,화물차,없음,2,609
2019-03-15 06:00:00+09,1,0,0,0,0,경기,고양시,차대사람,횡단중,안전운전 의무 불이행,승용차,보행자,5,610