발생일시,사망자수,부상자수,중상자수,경상자수,부상신고자수,시도,시군구,사고유형_대분류,사고유형_중분류,가해자법규위반,가해자_당사자종별,피해자_당사자종별,도로형태id,사고id
2019-03-15 14:00:00+09,1,0,0,0,0,전남,보성군,차량단독,전복,안전운전 의무 불이행,사륜오토바이(ATV),없음,7,611
2019-03-15 19:00:00+09,1,0,0,0,0,강원,홍천군,차대사람,기타,안전운전 의무 불이행,승용차,보행자,5,612
2019-03-15 20:00:00+09,1,0,0,0,0,경북,포항시,차대차,측면충돌,안전운전 의무 불이행,승용차,승용차,1,613
2019-03-16 02:00:00+09,1,0,0,0,0,부산,금정구,차량단독,공작물충돌,안전운전 의무 불이행,승용차,없음,3,614
2019-03-16 03:00:00+09,1,0,0,0,0,충북,청주시,차대차,측면충돌,신호위반,화물차,이륜차,1,615
2019-03-16 05:00:00+09,1,0,0,0,0,경남,진주시,차대차,기타,안전운전 의무 불이행,화물차,승용차,2,616
2019-03-16 06:00:00+09,1,1,0,1,0,경기,화성시,차대차,추돌,안전운전 의무 불이행,승용차,건설기계,7,617
2019-03-16 12:00:00+09,1,0,0,0,0,경북,경주시,차대차,측면충돌,안전운전 의무 불이행,승용차,이륜차,1,618
2019-03-16 15:00:00+09,1,3,0,2,1,경기,용인시,차대차,추돌,안전운전 의무 불이행,승용차,이륜차,1,619
2019-03-16 16:00:00+09,1,0,0,0,0,경기,시흥시,차량단독,전도,안전운전 의무 불이행,원동기장치자전거,없음,4,620
2019-03-16 17:00:00+09,1,0,0,0,0,경북,예천군,차량단독,도로이탈,안전운전 의무 불이행,이륜차,없음,5,621
2019-03-16 19:00:00+09,1,0,0,0,0,경남,거창군,차대차,정면충돌,중앙선 침범,이륜차,승용차,5,622
2019-03-16 23:00:00+09,1,0,0,0,0,경남,남해군,차량단독,도로이탈,안전운전 의무 불이행,이륜차,없음,5,623
2019-03-16 23:00:00+09,1,0,0,0,0,제주,제주시,차대차,기타,안전운전 의무 불이행,화물차,화물차,5,624
2019-03-17 03:00:00+09,2,0,0,0,0,경남,김해시,차량단독,공작물충돌,안전운전 의무 불이행,승용차,없음,5,625
2019-03-17 12:00:00+09,1,2,2,0,0,강원,정선군,차대차,정면충돌,중앙선 침범,승용차,승용차,5,626
2019-03-17 18:00:00+09,1,1,0,1,0,경기,오산시,차대차,측면충돌,신호위반,이륜차,승용차,1,627
2019-03-18 03:00:00+09,1,0,0,0,0,경북,포항시,차량단독,기타,안전운전 의무 불이행,이륜차,없음,5,628
2019-03-18 05:00:00+09,1,0,0,0,0,서울,노원구,차대사람,횡단중,안전운전 의무 불이행,승합차,보행자,5,629
2019-03-18 10:00:00+09,1,1,0,1,0,전남,여수시,차대차,측면충돌,신호위반,화물차,건설기계,1,630
2019-03-18 12:00:00+09,1,0,0,0,0,충남,당진시,차대차,측면충돌,교차로 통행방법 위반,원동기장치자전거,화물차,1,631
2019-03-18 13:00:00+09,1,1,1,0,0,경기,의왕시,차대차,추돌,안전운전 의무 불이행,화물차,특수차,5,632
2019-03-18 17:00:00+09,1,0,0,0,0,전남,목포시,차대사람,횡단중,안전운전 의무 불이행,승용차,보행자,5,633
2019-03-18 18:00:00+09,1,0,0,0,0,경남,김해시,차량단독,도로이탈,안전운전 의무 불이행,화물차,없음,5,634
2019-03-18 19:00:00+09,1,0,0,0,0,충남,서천군,차대사람,길가장자리구역통행중,안전운전 의무 불이행,승용차,보행자,5,635
2019-03-18 19:00:00+09,1,0,0,0,0,전남,무안군,차대사람,차도통행중,안전운전 의무 불이행,승용차,보행자,1,636
2019-03-18 20:00:00+09,1,0,0,0,0,울산,울주군,차대차,측면충돌,신호위반,화물차,이륜차,1,637
2019-03-19 00:00:00+09,1,2,1,1,0,충북,영동군,차대차,측면충돌,신호위반,승용차,특수차,1,638
2019-03-19 00:00:00+09,1,0,0,0,0,경기,파주시,차량단독,공작물충돌,안전운전 의무 불이행,승용차,없음,5,639
2019-03-19 10:00:00+09,1,0,0,0,0,충북,청주시,차대차,기타,기타,화물차,이륜차,1,640
2019-03-19 13:00:00+09,1,0,0,0,0,제주,서귀포시,차량단독,기타,안전운전 의무 불이행,이륜차,없음,5,641
2019-03-19 21:00:00+09,1,1,0,1,0,충남,아산시,차대차,기타,안전운전 의무 불이행,승용차,승용차,5,642
2019-03-19 22:00:00+09,1,0,0,0,0,서울,관악구,차대사람,기타,안전운전 의무 불이행,승용차,보행자,4,643
2019-03-20 05:00:00+09,1,1,1,0,0,부산,해운대구,차대차,측면충돌,신호위반,승용차,이륜차,1,644
2019-03-20 05:00:00+09,1,1,1,0,0,경북,김천시,차대차,추돌,안전운전 의무 불이행,승용차,농기계,1,645
2019-03-20 07:00:00+09,1,0,0,0,0,울산,울주군,차량단독,전도,안전운전 의무 불이행,이륜차,없음,5,646
2019-03-20 08:00:00+09,1,0,0,0,0,전북,익산시,차대차,측면충돌,안전운전 의무 불이행,승합차,자전거,2,647
2019-03-20 09:00:00+09,1,0,0,0,0,서울,중랑구,차대사람,횡단중,안전운전 의무 불이행,건설기계,보행자,3,648
2019-03-20 13:00:00+09,1,0,0,0,0,서울,강서구,차대사람,기타,안전운전 의무 불이행,화물차,보행자,5,649
2019-03-20 23:00:00+09,1,0,0,0,0,광주,광산구,차대사람,차도통행중,안전운전 의무 불이행,승용차,보행자,5,650
2019-03-21 03:00:00+09,1,2,0,0,2,서울,강남구,차대차,기타,과속,화물차,승합차,5,651
2019-03-21 04:00:00+09,1,2,1,0,1,경기,안양시,차대차,추돌,과속,승용차,화물차,7,652
2019-03-21 07:00:00+09,1,1,1,0,0,전남,신안군,차대사람,횡단중,안전운전 의무 불이행,승용차,보행자,5,653
2019-03-21 09:00:00+09,1,0,0,0,0,경기,수원시,차량단독,기타,안전운전 의무 불이행,특수차,없음,8,654
2019-03-21 10:00:00+09,1,0,0,0,0,경기,남양주시,차량단독,공작물충돌,안전운전 의무 불이행,승용차,없음,5,655
2019-03-21 15:00:00+09,1,0,0,0,0,전남,나주시,차량단독,도로이탈,안전운전 의무 불이행,화물차,없음,5,656
2019-03-21 21:00:00+09,1,0,0,0,0,부산,수영구,차량단독,공작물충돌,안전운전 의무 불이행,승용차,없음,7,657
2019-03-21 21:00:00+09,1,0,0,0,0,충남,공주시,차대차,추돌,안전운전 의무 불이행,승용차,화물차,8,658
2019-03-22 03:00:00+09,1,0,0,0,0,인천,미추홀구,차대사람,횡단중,과속,승용차,보행자,3,659
2019-03-22 09:00:00+09,1,0,0,0,0,경기,파주시,차대차,측면충돌,교차로 통행방법 위반,화물차,건설기계,2,660
2019-03-22 11:00:00+09,1,0,0,0,0,경북,의성군,차대차,추돌,안전거리 미확보,화물차,농기계,5,661
2019-03-22 14:00:00+09,1,4,0,1,3,경북,안동시,차대차,측면충돌,과속,승용차,승용차,5,662
2019-03-22 17:00:00+09,1,0,0,0,0,경기,광명시,차량단독,공작물충돌,안전운전 의무 불이행,이륜차,없음,6,663
2019-03-22 18:00:00+09,1,0,0,0,0,전북,익산시,차대차,측면충돌,안전운전 의무 불이행,승용차,원동기장치자전거,1,664
2019-03-22 19:00:00+09,1,0,0,0,0,경북,성주군,차대차,기타,안전운전 의무 불이행,승용차,승용차,5,665
2019-03-22 20:00:00+09,1,0,0,0,0,전북,익산시,차대차,추돌,안전운전 의무 불이행,화물차,자전거,5,666
2019-03-22 22:00:00+09,1,2,2,0,0,충북,영동군,차대차,기타,안전운전 의무 불이행,승용차,승용차,5,667
2019-03-22 22:00:00+09,1,1,1,0,0,전북,부안군,차량단독,공작물충돌,안전운전 의무 불이행,화물차,없음,5,668
2019-03-23 07:00:00+09,1,2,1,1,0,전남,나주시,차대차,정면충돌,중앙선 침범,화물차,화물차,2,669
2019-03-23 08:00:00+09,1,1,0,0,1,서울,강북구,차대차,추돌,안전운전 의무 불이행,이륜차,화물차,1,670
2019-03-23 10:00:00+09,1,0,0,0,0,대구,중구,차대사람,횡단중,안전운전 의무 불이행,승합차,보행자,1,671
2019-03-23 17:00:00+09,1,0,0,0,0,경기,여주시,차대차,기타,안전운전 의무 불이행,승용차,화물차,2,672
2019-03-23 17:00:00+09,1,14,0,7,7,경기,용인시,차대차,추돌,안전운전 의무 불이행,승합차,승용차,5,673
2019-03-23 19:00:00+09,1,0,0,0,0,전남,화순군,차대사람,보도통행중,안전운전 의무 불이행,이륜차,보행자,5,674
2019-03-23 20:00:00+09,1,0,0,0,0,대구,동구,차대차,측면충돌,신호위반,승용차,이륜차,1,675
2019-03-24 13:00:00+09,1,0,0,0,0,대구,달서구,차대차,측면충돌,안전운전 의무 불이행,이륜차,승용차,9,676
2019-03-25 05:00:00+09,1,0,0,0,0,충북,청주시,차대사람,횡단중,안전운전 의무 불이행,특수차,보행자,5,677
2019-03-25 09:00:00+09,1,0,0,0,0,충남,홍성군,차대사람,기타,안전운전 의무 불이행,승용차,보행자,4,678
2019-03-25 15:00:00+09,1,1,1,0,0,경남,남해군,차대차,정면충돌,중앙선 침범,화물차,건설기계,5,679
2019-03-25 17:00:00+09,1,1,0,1,0,경남,합천군,차대차,추돌,안전운전 의무 불이행,승용차,화물차,8,680
2019-03-25 19:00:00+09,1,5,1,4,0,대구,달성군,차대차,기타,안전운전 의무 불이행,승용차,승용차,2,681
2019-03-25 20:00:00+09,1,0,0,0,0,제주,제주시,차대차,추돌,안전운전 의무 불이행,승용차,승용차,5,682
2019-03-25 21:00:00+09,1,1,1,0,0,전남,광양시,차대사람,횡단중,과속,승용차,보행자,5,683
2019-03-25 22:00:00+09,1,0,0,0,0,서울,동대문구,차대사람,횡단중,안전운전 의무 불이행,승용차,보행자,5,684
2019-03-26 05:00:00+09,1,0,0,0,0,강원,홍천군,차대차,추돌,안전운전 의무 불이행,화물차,자전거,5,685
2019-03-26 07:00:00+09,1,0,0,0,0,전남,화순군,차대사람,기타,안전운전 의무 불이행,승용차,보행자,5,686
2019-03-26 09:00:00+09,1,0,0,0,0,경북,경산시,차대차,정면충돌,안전운전 의무 불이행,화물차,이륜차,1,687
2019-03-26 13:00:00+09,1,1,0,1,0,전북,군산시,차대차,기타,중앙선 침범,이륜차,승용차,5,688
2019-03-26 14:00:00+09,1,0,0,0,0,세종,세종시,차대차,측면충돌,교차로 통행방법 위반,이륜차,화물차,1,689
2019-03-26 19:00:00+09,1,1,0,1,0,서울,종로구,차대사람,횡단중,안전운전 의무 불이행,이륜차,보행자,5,690
2019-03-26 19:00:00+09,1,0,0,0,0,경북,영주시,차대차,측면충돌,신호위반,이륜차,화물차,1,691
2019-03-26 19:00:00+09,1,0,0,0,0,경북,청송군,차대사람,횡단중,중앙선 침범,승용차,보행자,5,692
2019-03-26 19:00:00+09,1,0,0,0,0,경남,남해군,차대사람,횡단중,보행자 보호의무 위반,승용차,보행자,5,693
2019-03-26 20:00:00+09,1,0,0,0,0,경기,여주시,차량단독,전도,안전운전 의무 불이행,이륜차,없음,5,694
2019-03-27 03:00:00+09,1,1,0,1,0,충북,청주시,차대차,추돌,안전운전 의무 불이행,승용차,화물차,2,695
2019-03-27 15:00:00+09,1,0,0,0,0,서울,강남구,차대사람,기타,안전운전 의무 불이행,승합차,보행자,5,696
2019-03-27 17:00:00+09,1,0,0,0,0,경남,창원시,차대차,측면충돌,안전운전 의무 불이행,화물차,자전거,1,697
2019-03-27 18:00:00+09,1,0,0,0,0,충남,공주시,차대차,측면충돌,과속,승용차,이륜차,1,698
2019-03-28 00:00:00+09,1,0,0,0,0,경기,용인시,차대사람,보도통행중,안전운전 의무 불이행,승용차,보행자,5,699
2019-03-28 03:00:00+09,1,5,4,0,1,경남,창원시,차대사람,보도통행중,신호위반,승용차,보행자,1,700
2019-03-28 04:00:00+09,1,0,0,0,0,경기,의정부시,차대사람,기타,신호위반,승용차,보행자,3,701
2019-03-28 12:00:00+09,1,0,0,0,0,경기,안성시,차대사람,기타,안전운전 의무 불이행,농기계,보행자,4,702
2019-03-28 13:00:00+09,1,0,0,0,0,충북,단양군,차량단독,전도,안전운전 의무 불이행,농기계,없음,5,703
2019-03-28 17:00:00+09,1,0,0,0,0,경남,양산시,차대사람,횡단중,안전운전 의무 불이행,화물차,보행자,1,704
2019-03-28 19:00:00+09,1,0,0,0,0,충북,청주시,차대차,측면충돌,신호위반,승용차,원동기장치자전거,1,705
2019-03-28 19:00:00+09,1,0,0,0,0,충남,당진시,차대차,추돌,안전운전 의무 불이행,화물차,농기계,5,706
2019-03-28 19:00:00+09,1,0,0,0,0,전북,익산시,차량단독,공작물충돌,안전운전 의무 불이행,승용차,없음,5,707
2019-03-29 06:00:00+09,1,5,0,0,5,경기,성남시,차대차,측면충돌,신호위반,승용차,승합차,1,708
2019-03-29 06:00:00+09,1,0,0,0,0,경기,포천시,차대차,측면충돌,안전운전 의무 불이행,화물차,사륜오토바이(ATV),1,709
2019-03-29 10:00:00+09,1,0,0,0,0,부산,사상구,차대사람,횡단중,안전운전 의무 불이행,화물차,보행자,1,710
2019-03-29 10:00:00+09,1,1,0,1,0,경북,포항시,차대차,추돌,안전운전 의무 불이행,특수차,특수차,8,711
2019-03-29 11:00:00+09,1,0,0,0,0,대전,중구,차대사람,기타,보행자 보호의무 위반,화물차,보행자,3,712
2019-03-29 16:00:00+09,1,5,1,2,2,경북,구미시,차대차,기타,중앙선 침범,승용차,승용차,5,713
2019-03-29 16:00:00+09,1,0,0,0,0,대구,중구,차대사람,기타,안전운전 의무 불이행,승용차,보행자,5,714
2019-03-29 19:00:00+09,1,0,0,0,0,경기,이천시,차대사람,횡단중,과속,승용차,보행자,1,715
2019-03-29 19:00:00+09,1,1,0,1,0,광주,북구,차대사람,기타,안전운전 의무 불이행,승용차,보행자,5,716
2019-03-29 20:00:00+09,1,0,0,0,0,충남,금산군,차대사람,차도통행중,과속,승용차,보행자,5,717
2019-03-29 20:00:00+09,1,0,0,0,0,전북,장수군,차량단독,도로이탈,안전거리 미확보,화물차,없음,5,718
2019-03-29 22:00:00+09,1,8,1,4,3,경기,용인시,차대차,기타,신호위반,승용차,승합차,5,719
2019-03-29 23:00:00+09,1,0,0,0,0,경기,부천시,차대사람,횡단중,안전운전 의무 불이행,승용차,보행자,5,720
2019-03-30 10:00:00+09,1,4,3,1,0,경북,경주시,차대차,정면충돌,중앙선 침범,승용차,승용차,5,721
2019-03-30 11:00:00+09,1,1,1,0,0,전남,여수시,차량단독,공작물충돌,안전운전 의무 불이행,이륜차,없음,5,722
2019-03-30 14:00:00+09,1,3,1,2,0,제주,제주시,차대차,정면충돌,중앙선 침범,화물차,화물차,5,723
2019-03-30 15:00:00+09,1,5,0,5,0,경기,안성시,차대차,기타,안전운전 의무 불이행,화물차,승합차,5,724
2019-03-30 20:00:00+09,1,0,0,0,0,인천,중구,차대사람,횡단중,안전운전 의무 불이행,승용차,보행자,5,725
2019-03-31 00:00:00+09,1,3,3,0,0,충남,서산시,차대차,추돌,안전운전 의무 불이행,승용차,화물차,1,726
2019-03-31 05:00:00+09,1,0,0,0,0,경기,용인시,차대사람,차도통행중,안전운전 의무 불이행,승합차,보행자,9,727
2019-03-31 09:00:00+09,1,0,0,0,0,충남,서산시,차대사람,횡단중,안전운전 의무 불이행,승용차,보행자,5,728
2019-03-31 12:00:00+09,1,0,0,0,0,경기,안양시,차량단독,공작물충돌,안전운전 의무 불이행,승용차,없음,5,729
2019-03-31 14:00:00+09,1,1,0,1,0,충북,괴산군,차대차,정면충돌,중앙선 침범,승용차,화물차,5,730
2019-03-31 15:00:00+09,1,0,0,0,0,울산,중구,차대사람,횡단중,안전운전 의무 불이행,승합차,보행자,5,731
2019-03-31 20:00:00+09,1,0,0,0,0,세종,세종시,차대사람,차도통행중,안전운전 의무 불이행,승용차,보행자,5,732
2019-03-31 21:00:00+09,1,0,0,0,0,서울,용산구,차대사람,기타,안전운전 의무 불이행,화물차,보행자,5,733
2019-03-31 21:00:00+09,1,0,0,0,0,경기,용인시,차대차,측면충돌,안전운전 의무 불이행,승용차,화물차,5,734
2019-04-01 06:00:00+09,1,0,0,0,0,인천,연수구,차대차,측면충돌,신호위반,승용차,이륜차,2,735
2019-04-01 07:00:00+09,1,0,0,0,0,전남,곡성군,차대사람,횡단중,안전운전 의무 불이행,화물차,보행자,1,736
2019-04-01 07:00:00+09,1,0,0,0,0,경남,남해군,차대사람,횡단중,안전운전 의무 불이행,화물차,보행자,1,737
2019-04-01 10:00:00+09,1,2,2,0,0,부산,강서구,차대차,측면충돌,신호위반,화물차,화물차,1,738
2019-04-01 13:00:00+09,1,2,1,1,0,서울,중구,차대차,정면충돌,신호위반,승용차,승합차,1,739
2019-04-01 13:00:00+09,1,0,0,0,0,경기,이천시,차대사람,횡단중,안전운전 의무 불이행,승용차,보행자,3,740
2019-04-01 14:00:00+09,1,0,0,0,0,강원,원주시,차량단독,도로이탈,안전운전 의무 불이행,건설기계,없음,7,741
2019-04-01 15:00:00+09,1,0,0,0,0,대구,달성군,차대사람,횡단중,신호위반,이륜차,보행자,3,742
2019-04-01 16:00:00+09,1,0,0,0,0,서울,양천구,차대사람,횡단중,신호위반,자전거,보행자,3,743
2019-04-01 16:00:00+09,1,1,0,1,0,인천,동구,차대차,측면충돌,안전거리 미확보,승합차,사륜오토바이(ATV),4,744
2019-04-01 17:00:00+09,1,0,0,0,0,대전,중구,차대사람,기타,안전운전 의무 불이행,승용차,보행자,5,745
2019-04-01 18:00:00+09,1,0,0,0,0,경북,김천시,차량단독,공작물충돌,안전운전 의무 불이행,사륜오토바이(ATV),없음,2,746
2019-04-01 19:00:00+09,1,0,0,0,0,경기,가평군,차량단독,기타,안전운전 의무 불이행,승용차,없음,5,747
2019-04-01 22:00:00+09,1,0,0,0,0,경북,경산시,차대사람,기타,과속,승용차,보행자,5,748
2019-04-02 01:00:00+09,1,0,0,0,0,제주,제주시,차대사람,기타,안전운전 의무 불이행,승용차,보행자,5,749
2019-04-02 05:00:00+09,1,1,0,1,0,경기,용인시,차대차,추돌,안전운전 의무 불이행,화물차,화물차,1,750
2019-04-02 10:00:00+09,1,0,0,0,0,강원,강릉시,차대차,추돌,안전운전 의무 불이행,화물차,자전거,1,751
2019-04-02 10:00:00+09,1,1,1,0,0,경남,남해군,차량단독,도로이탈,안전운전 의무 불이행,화물차,없음,5,752
2019-04-02 11:00:00+09,1,0,0,0,0,경북,구미시,차대사람,횡단중,신호위반,화물차,보행자,1,753
2019-04-02 16:00:00+09,1,0,0,0,0,충남,천안시,차대차,측면충돌,기타,화물차,이륜차,1,754
2019-04-02 19:00:00+09,1,1,1,0,0,대구,북구,차대차,정면충돌,중앙선 침범,승용차,화물차,5,755
2019-04-02 22:00:00+09,1,0,0,0,0,경북,영천시,차량단독,공작물충돌,안전운전 의무 불이행,승용차,없음,5,756
2019-04-02 22:00:00+09,1,0,0,0,0,울산,북구,차대차,측면충돌,신호위반,이륜차,승용차,1,757
2019-04-03 00:00:00+09,1,0,0,0,0,충남,홍성군,차량단독,도로이탈,안전운전 의무 불이행,이륜차,없음,5,758
2019-04-03 04:00:00+09,1,0,0,0,0,부산,해운대구,차대사람,기타,안전운전 의무 불이행,승용차,보행자,5,759
2019-04-03 07:00:00+09,1,0,0,0,0,대구,달서구,차량단독,공작물충돌,안전운전 의무 불이행,이륜차,없음,9,760
2019-04-03 08:00:00+09,1,0,0,0,0,충북,옥천군,차량단독,기타,안전운전 의무 불이행,승합차,없음,5,761
2019-04-03 09:00:00+09,1,1,0,1,0,강원,춘천시,차대차,추돌,안전운전 의무 불이행,승용차,화물차,7,762
2019-04-03 12:00:00+09,1,0,0,0,0,전남,고흥군,차량단독,전도,안전운전 의무 불이행,농기계,없음,5,763
2019-04-03 12:00:00+09,1,1,0,1,0,경북,상주시,차대차,추돌,안전운전 의무 불이행,화물차,화물차,5,764
2019-04-03 14:00:00+09,1,0,0,0,0,전남,곡성군,차대사람,횡단중,보행자 보호의무 위반,화물차,보행자,3,765
2019-04-03 16:00:00+09,1,0,0,0,0,충남,서산시,차대사람,횡단중,신호위반,승용차,보행자,3,766
2019-04-03 19:00:00+09,1,0,0,0,0,경남,하동군,차대사람,길가장자리구역통행중,안전운전 의무 불이행,화물차,보행자,5,767
2019-04-03 21:00:00+09,1,0,0,0,0,전북,장수군,차대사람,차도통행중,안전운전 의무 불이행,화물차,보행자,5,768
2019-04-04 06:00:00+09,1,0,0,0,0,대구,북구,차대차,기타,안전운전 의무 불이행,화물차,화물차,5,769
2019-04-04 08:00:00+09,1,0,0,0,0,인천,부평구,차대차,기타,신호위반,이륜차,화물차,1,770
2019-04-04 09:00:00+09,1,0,0,0,0,경기,용인시,차대차,기타,안전운전 의무 불이행,화물차,자전거,5,771
2019-04-04 12:00:00+09,1,0,0,0,0,경북,청도군,차량단독,공작물충돌,안전운전 의무 불이행,승용차,없음,5,772
2019-04-04 17:00:00+09,1,0,0,0,0,경북,울진군,차량단독,도로이탈,안전운전 의무 불이행,승용차,없음,5,773
2019-04-04 18:00:00+09,1,1,0,1,0,전남,영광군,차량단독,도로이탈,안전운전 의무 불이행,화물차,없음,5,774
2019-04-04 19:00:00+09,1,1,0,1,0,경기,안성시,차대차,정면충돌,중앙선 침범,이륜차,승용차,5,775
2019-04-04 19:00:00+09,1,0,0,0,0,경기,시흥시,차대사람,횡단중,안전운전 의무 불이행,이륜차,보행자,5,776
2019-04-04 23:00:00+09,1,0,0,0,0,전남,광양시,차대차,추돌,안전거리 미확보,화물차,화물차,2,777
2019-04-05 03:00:00+09,1,3,2,1,0,경기,남양주시,차대차,추돌,안전운전 의무 불이행,화물차,승용차,1,778
2019-04-05 12:00:00+09,1,0,0,0,0,경기,파주시,차대사람,횡단중,보행자 보호의무 위반,승용차,보행자,5,779
2019-04-05 13:00:00+09,1,1,0,1,0,경기,수원시,차량단독,전도,안전운전 의무 불이행,이륜차,없음,5,780
2019-04-05 14:00:00+09,1,16,0,1,15,경기,용인시,차대차,기타,안전거리 미확보,건설기계,승용차,5,781
2019-04-05 18:00:00+09,1,0,0,0,0,충북,충주시,차대사람,횡단중,안전운전 의무 불이행,승용차,보행자,5,782
2019-04-05 22:00:00+09,1,0,0,0,0,충남,서산시,차대차,기타,안전운전 의무 불이행,화물차,자전거,5,783
2019-04-05 23:00:00+09,1,0,0,0,0,경기,수원시,차대사람,횡단중,신호위반,특수차,보행자,3,784
2019-04-06 02:00:00+09,1,0,0,0,0,경기,고양시,차량단독,공작물충돌,안전운전 의무 불이행,이륜차,없음,5,785
2019-04-06 07:00:00+09,1,1,1,0,0,전북,군산시,차대차,추돌,안전운전 의무 불이행,승합차,화물차,6,786
2019-04-06 07:00:00+09,1,1,1,0,0,전남,해남군,차대차,추돌,안전운전 의무 불이행,승용차,농기계,5,787
2019-04-06 17:00:00+09,1,1,1,0,0,경북,포항시,차대차,측면충돌,안전운전 의무 불이행,승용차,이륜차,5,788
2019-04-06 19:00:00+09,1,1,0,1,0,전남,장성군,차대차,측면충돌,안전운전 의무 불이행,승합차,기타,5,789
2019-04-06 20:00:00+09,1,0,0,0,0,경기,양주시,차대사람,횡단중,안전운전 의무 불이행,승용차,보행자,1,790
2019-04-06 21:00:00+09,1,0,0,0,0,전북,익산시,차대사람,보도통행중,보행자 보호의무 위반,승합차,보행자,3,791
2019-04-06 21:00:00+09,1,3,2,1,0,울산,북구,차대차,기타,기타,승용차,승용차,1,792
2019-04-07 00:00:00+09,1,0,0,0,0,경남,진주시,차대사람,길가장자리구역통행중,안전운전 의무 불이행,화물차,보행자,5,793
2019-04-07 00:00:00+09,1,0,0,0,0,경남,김해시,차대사람,횡단중,안전운전 의무 불이행,승용차,보행자,1,794
2019-04-07 02:00:00+09,1,0,0,0,0,서울,성북구,차량단독,전도,안전운전 의무 불이행,이륜차,없음,5,795
2019-04-07 03:00:00+09,1,0,0,0,0,서울,강서구,차대사람,기타,안전운전 의무 불이행,승용차,보행자,5,796
2019-04-07 04:00:00+09,1,0,0,0,0,서울,양천구,차량단독,공작물충돌,안전운전 의무 불이행,화물차,없음,5,797
2019-04-07 05:00:00+09,1,2,1,1,0,경남,밀양시,차대차,추돌,안전운전 의무 불이행,승용차,화물차,5,798
2019-04-07 05:00:00+09,1,0,0,0,0,충북,청주시,차대사람,횡단중,안전운전 의무 불이행,승용차,보행자,6,799
2019-04-07 10:00:00+09,1,2,1,1,0,경남,창원시,차대차,측면충돌,안전운전 의무 불이행,승용차,승용차,2,800
2019-04-07 14:00:00+09,1,0,0,0,0,경기,광주시,차량단독,도로이탈,안전운전 의무 불이행,이륜차,없음,5,801
2019-04-07 14:00:00+09,1,0,0,0,0,강원,철원군,차대차,측면충돌,교차로 통행방법 위반,승용차,이륜차,1,802
2019-04-07 20:00:00+09,1,0,0,0,0,서울,양천구,차대차,측면충돌,신호위반,승합차,이륜차,5,803
2019-04-08 03:00:00+09,1,0,0,0,0,대구,서구,차대사람,횡단중,안전운전 의무 불이행,화물차,보행자,3,804
2019-04-08 04:00:00+09,1,1,1,0,0,인천,부평구,차대차,기타,신호위반,승용차,이륜차,1,805
2019-04-08 05:00:00+09,1,0,0,0,0,경기,화성시,차대사람,횡단중,안전운전 의무 불이행,승용차,보행자,1,806
2019-04-08 06:00:00+09,1,0,0,0,0,경북,포항시,차대사람,횡단중,안전운전 의무 불이행,승합차,보행자,5,807
2019-04-08 06:00:00+09,1,0,0,0,0,경남,사천시,차대차,측면충돌,신호위반,이륜차,화물차,1,808
2019-04-08 10:00:00+09,1,0,0,0,0,충남,태안군,차량단독,공작물충돌,안전운전 의무 불이행,사륜오토바이(ATV),없음,5,809
2019-04-08 11:00:00+09,1,0,0,0,0,경기,부천시,차대차,측면충돌,교차로 통행방법 위반,자전거,승용차,1,810
2019-04-08 11:00:00+09,1,1,0,1,0,전남,고흥군,차대차,측면충돌,중앙선 침범,승용차,농기계,5,811
2019-04-08 11:00:00+09,1,4,0,4,0,경북,영덕군,차대차,정면충돌,중앙선 침범,승용차,화물차,5,812
2019-04-08 13:00:00+09,1,0,0,0,0,부산,동구,차대사람,기타,교차로 통행방법 위반,승용차,보행자,1,813
2019-04-08 20:00:00+09,1,0,0,0,0,대전,대덕구,차대사람,기타,안전운전 의무 불이행,승용차,보행자,1,814