발생일시,사망자수,부상자수,중상자수,경상자수,부상신고자수,시도,시군구,사고유형_대분류,사고유형_중분류,가해자법규위반,가해자_당사자종별,피해자_당사자종별,도로형태id,사고id
2019-05-21 20:00:00+09,1,0,0,0,0,강원,동해시,차대차,기타,보행자 보호의무 위반,승용차,승용차,1,1223
2019-05-22 02:00:00+09,1,1,1,0,0,충남,공주시,차대차,기타,신호위반,승용차,화물차,1,1224
2019-05-22 02:00:00+09,1,1,0,1,0,경북,영주시,차대차,측면충돌,안전운전 의무 불이행,승용차,승용차,2,1225
2019-05-22 07:00:00+09,1,0,0,0,0,경기,김포시,차대차,기타,안전운전 의무 불이행,이륜차,승용차,5,1226
2019-05-22 09:00:00+09,1,0,0,0,0,전북,익산시,차대차,측면충돌,기타,화물차,자전거,5,1227
2019-05-22 10:00:00+09,1,0,0,0,0,경북,경산시,차대차,측면충돌,안전운전 의무 불이행,화물차,이륜차,2,1228
2019-05-22 10:00:00+09,1,2,1,1,0,경기,파주시,차대차,추돌,안전운전 의무 불이행,승용차,화물차,5,1229
2019-05-22 17:00:00+09,1,2,1,0,1,경남,양산시,차대사람,기타,과속,화물차,보행자,5,1230
2019-05-23 08:00:00+09,1,1,1,0,0,부산,북구,차대차,측면충돌,신호위반,이륜차,화물차,1,1231
2019-05-23 08:00:00+09,2,0,0,0,0,세종,세종시,차량단독,공작물충돌,과속,승용차,없음,9,1232
2019-05-23 09:00:00+09,1,3,2,1,0,충남,서산시,차대차,측면충돌,중앙선 침범,승용차,승용차,5,1233
2019-05-23 10:00:00+09,1,0,0,0,0,충북,영동군,차대사람,기타,기타,승합차,보행자,5,1234
2019-05-23 10:00:00+09,1,0,0,0,0,경기,포천시,차대사람,횡단중,보행자 보호의무 위반,건설기계,보행자,1,1235
2019-05-23 12:00:00+09,1,0,0,0,0,부산,기장군,차대차,측면충돌,안전운전 의무 불이행,건설기계,자전거,5,1236
2019-05-23 13:00:00+09,1,1,1,0,0,경남,김해시,차대사람,횡단중,보행자 보호의무 위반,승용차,보행자,1,1237
2019-05-23 14:00:00+09,1,1,1,0,0,강원,고성군,차대차,정면충돌,신호위반,이륜차,화물차,1,1238
2019-05-23 14:00:00+09,1,0,0,0,0,전북,장수군,차량단독,전도,안전운전 의무 불이행,화물차,없음,5,1239
2019-05-23 19:00:00+09,1,0,0,0,0,경기,여주시,차대사람,기타,안전운전 의무 불이행,승용차,보행자,5,1240
2019-05-23 19:00:00+09,1,0,0,0,0,경남,함양군,차량단독,도로이탈,안전운전 의무 불이행,이륜차,없음,2,1241
2019-05-23 20:00:00+09,1,0,0,0,0,경기,안산시,차대차,추돌,신호위반,승합차,자전거,1,1242
2019-05-24 00:00:00+09,1,0,0,0,0,충남,서산시,차량단독,공작물충돌,안전운전 의무 불이행,화물차,없음,2,1243
2019-05-24 01:00:00+09,1,0,0,0,0,경남,창원시,차대사람,횡단중,안전운전 의무 불이행,승용차,보행자,6,1244
2019-05-24 08:00:00+09,1,4,2,2,0,전남,장흥군,차대차,측면충돌,과속,승용차,승합차,1,1245
2019-05-24 11:00:00+09,1,1,0,1,0,전북,완주군,차대차,추돌,안전운전 의무 불이행,화물차,농기계,7,1246
2019-05-24 15:00:00+09,1,2,2,0,0,경기,남양주시,차대차,측면충돌,중앙선 침범,승용차,화물차,5,1247
2019-05-24 17:00:00+09,1,0,0,0,0,경기,안산시,차대사람,기타,안전운전 의무 불이행,화물차,보행자,1,1248
2019-05-24 17:00:00+09,1,0,0,0,0,경북,포항시,차대사람,횡단중,안전운전 의무 불이행,승용차,보행자,5,1249
2019-05-24 18:00:00+09,1,0,0,0,0,경기,남양주시,차대차,정면충돌,신호위반,사륜오토바이(ATV),승합차,1,1250
2019-05-24 20:00:00+09,1,0,0,0,0,부산,기장군,차대사람,기타,안전운전 의무 불이행,승용차,보행자,5,1251
2019-05-24 22:00:00+09,1,0,0,0,0,서울,노원구,차대사람,기타,안전운전 의무 불이행,승합차,보행자,2,1252
2019-05-24 23:00:00+09,1,1,0,1,0,충남,천안시,차대차,측면충돌,신호위반,이륜차,승용차,1,1253
2019-05-24 23:00:00+09,1,0,0,0,0,경남,창원시,차대사람,차도통행중,안전운전 의무 불이행,이륜차,보행자,6,1254
2019-05-25 00:00:00+09,1,0,0,0,0,경기,의왕시,차대사람,차도통행중,안전운전 의무 불이행,화물차,보행자,8,1255
2019-05-25 01:00:00+09,1,0,0,0,0,서울,서초구,차대차,기타,안전운전 의무 불이행,이륜차,승용차,5,1256
2019-05-25 03:00:00+09,1,2,2,0,0,인천,미추홀구,차대차,기타,안전운전 의무 불이행,승용차,승용차,5,1257
2019-05-25 08:00:00+09,1,0,0,0,0,충북,충주시,차량단독,전도,안전운전 의무 불이행,이륜차,없음,5,1258
2019-05-25 08:00:00+09,1,1,0,0,1,충북,청주시,차대차,측면충돌,과속,승용차,자전거,5,1259
2019-05-25 11:00:00+09,1,1,1,0,0,경북,영천시,차대차,정면충돌,중앙선 침범,승용차,화물차,5,1260
2019-05-25 14:00:00+09,1,0,0,0,0,전남,진도군,차대차,측면충돌,중앙선 침범,이륜차,승용차,4,1261
2019-05-25 21:00:00+09,1,1,0,1,0,부산,부산진구,차대사람,차도통행중,안전운전 의무 불이행,승용차,보행자,5,1262
2019-05-25 23:00:00+09,1,0,0,0,0,경기,부천시,차대사람,횡단중,과속,승용차,보행자,5,1263
2019-05-26 00:00:00+09,1,0,0,0,0,경기,연천군,차량단독,전도,안전운전 의무 불이행,건설기계,없음,2,1264
2019-05-26 01:00:00+09,1,0,0,0,0,경기,평택시,차대사람,횡단중,안전운전 의무 불이행,승용차,보행자,1,1265
2019-05-26 02:00:00+09,1,0,0,0,0,경기,화성시,차대사람,횡단중,과속,승용차,보행자,3,1266
2019-05-26 11:00:00+09,1,4,1,3,0,경북,경주시,차대차,측면충돌,중앙선 침범,이륜차,승용차,5,1267
2019-05-26 18:00:00+09,1,0,0,0,0,경남,거창군,차대차,측면충돌,안전운전 의무 불이행,승합차,이륜차,1,1268
2019-05-27 04:00:00+09,1,0,0,0,0,경기,광명시,차대차,기타,안전운전 의무 불이행,승용차,화물차,1,1269
2019-05-27 05:00:00+09,1,0,0,0,0,충남,예산군,차량단독,도로이탈,안전운전 의무 불이행,화물차,없음,5,1270
2019-05-27 11:00:00+09,1,0,0,0,0,대전,중구,차대사람,횡단중,안전운전 의무 불이행,화물차,보행자,5,1271
2019-05-27 12:00:00+09,1,1,1,0,0,강원,정선군,차량단독,공작물충돌,과속,승용차,없음,7,1272
2019-05-27 12:00:00+09,2,1,0,1,0,충북,충주시,차대차,측면충돌,안전운전 의무 불이행,승용차,건설기계,1,1273
2019-05-27 13:00:00+09,1,0,0,0,0,전남,나주시,차대차,측면충돌,신호위반,이륜차,승합차,1,1274
2019-05-27 13:00:00+09,1,0,0,0,0,경남,밀양시,차대사람,횡단중,안전운전 의무 불이행,화물차,보행자,1,1275
2019-05-27 14:00:00+09,1,0,0,0,0,경남,양산시,차량단독,도로이탈,안전운전 의무 불이행,화물차,없음,5,1276
2019-05-27 15:00:00+09,1,1,0,0,1,제주,제주시,차대차,기타,중앙선 침범,화물차,건설기계,5,1277
2019-05-27 17:00:00+09,1,0,0,0,0,경북,봉화군,차량단독,도로이탈,안전운전 의무 불이행,화물차,없음,4,1278
2019-05-27 19:00:00+09,1,1,0,1,0,전남,해남군,차대차,추돌,안전운전 의무 불이행,승용차,농기계,5,1279
2019-05-27 20:00:00+09,1,0,0,0,0,경북,청도군,차대사람,횡단중,보행자 보호의무 위반,승용차,보행자,5,1280
2019-05-27 23:00:00+09,1,0,0,0,0,부산,부산진구,차대사람,횡단중,신호위반,승합차,보행자,1,1281
2019-05-28 02:00:00+09,1,2,2,0,0,인천,연수구,차대차,정면충돌,중앙선 침범,승용차,승용차,5,1282
2019-05-28 04:00:00+09,1,1,1,0,0,서울,중랑구,차대차,정면충돌,중앙선 침범,승용차,화물차,5,1283
2019-05-28 07:00:00+09,1,0,0,0,0,경남,진주시,차대사람,차도통행중,안전운전 의무 불이행,승용차,보행자,5,1284
2019-05-28 08:00:00+09,1,0,0,0,0,대구,남구,차대사람,횡단중,안전운전 의무 불이행,승용차,보행자,5,1285
2019-05-28 10:00:00+09,1,6,3,3,0,충북,보은군,차대차,추돌,안전운전 의무 불이행,화물차,승용차,5,1286
2019-05-28 17:00:00+09,1,0,0,0,0,경기,하남시,차대사람,횡단중,안전운전 의무 불이행,승용차,보행자,5,1287
2019-05-28 19:00:00+09,1,0,0,0,0,전남,고흥군,차량단독,전도,안전운전 의무 불이행,농기계,없음,5,1288
2019-05-29 05:00:00+09,1,0,0,0,0,대구,북구,차대차,측면충돌,안전운전 의무 불이행,화물차,자전거,1,1289
2019-05-29 09:00:00+09,1,1,1,0,0,충북,보은군,차대차,측면충돌,안전운전 의무 불이행,이륜차,화물차,1,1290
2019-05-29 09:00:00+09,1,0,0,0,0,경북,군위군,차대차,정면충돌,중앙선 침범,이륜차,승용차,5,1291
2019-05-29 11:00:00+09,1,0,0,0,0,전남,나주시,차대사람,횡단중,안전운전 의무 불이행,화물차,보행자,2,1292
2019-05-29 11:00:00+09,1,1,1,0,0,경북,청송군,차대차,정면충돌,중앙선 침범,승용차,화물차,5,1293
2019-05-29 12:00:00+09,1,0,0,0,0,경남,밀양시,차량단독,전도,안전운전 의무 불이행,이륜차,없음,5,1294
2019-05-29 14:00:00+09,1,0,0,0,0,전남,순천시,차대사람,횡단중,과속,승용차,보행자,3,1295
2019-05-29 14:00:00+09,1,3,1,2,0,경남,함안군,차대차,추돌,안전거리 미확보,화물차,화물차,8,1296
2019-05-29 15:00:00+09,1,0,0,0,0,인천,동구,차대차,측면충돌,안전운전 의무 불이행,화물차,자전거,1,1297
2019-05-29 16:00:00+09,1,0,0,0,0,강원,홍천군,차량단독,공작물충돌,안전운전 의무 불이행,화물차,없음,5,1298
2019-05-29 16:00:00+09,1,0,0,0,0,충남,아산시,차량단독,공작물충돌,안전거리 미확보,화물차,없음,5,1299
2019-05-29 21:00:00+09,1,0,0,0,0,전북,전주시,차대사람,횡단중,안전운전 의무 불이행,승용차,보행자,5,1300
2019-05-30 08:00:00+09,1,0,0,0,0,전북,익산시,차대차,추돌,안전운전 의무 불이행,승용차,자전거,6,1301
2019-05-30 14:00:00+09,1,0,0,0,0,대구,북구,차대차,기타,안전운전 의무 불이행,화물차,화물차,5,1302
2019-05-30 17:00:00+09,1,0,0,0,0,충남,천안시,차량단독,전도,안전운전 의무 불이행,이륜차,없음,5,1303
2019-05-30 21:00:00+09,2,2,1,1,0,경기,이천시,차대사람,횡단중,과속,승합차,보행자,2,1304
2019-05-31 01:00:00+09,1,0,0,0,0,인천,연수구,차대차,기타,안전운전 의무 불이행,이륜차,화물차,5,1305
2019-05-31 06:00:00+09,1,0,0,0,0,전남,담양군,차량단독,기타,안전운전 의무 불이행,승용차,없음,2,1306
2019-05-31 12:00:00+09,1,1,1,0,0,전북,남원시,차대차,기타,과속,승용차,화물차,5,1307
2019-05-31 14:00:00+09,1,0,0,0,0,광주,광산구,차대사람,횡단중,보행자 보호의무 위반,승용차,보행자,5,1308
2019-05-31 17:00:00+09,1,0,0,0,0,대전,중구,차대사람,횡단중,안전운전 의무 불이행,승용차,보행자,5,1309
2019-05-31 23:00:00+09,1,0,0,0,0,전북,부안군,차대차,추돌,안전운전 의무 불이행,승용차,자전거,5,1310
2019-05-31 23:00:00+09,1,1,0,1,0,울산,남구,차대차,측면충돌,신호위반,이륜차,승용차,1,1311
2019-06-01 02:00:00+09,1,0,0,0,0,전남,순천시,차대사람,차도통행중,과속,승용차,보행자,5,1312
2019-06-01 02:00:00+09,1,0,0,0,0,경남,창원시,차량단독,공작물충돌,안전운전 의무 불이행,이륜차,없음,5,1313
2019-06-01 04:00:00+09,1,0,0,0,0,대구,북구,차량단독,전도,안전운전 의무 불이행,이륜차,없음,5,1314
2019-06-01 08:00:00+09,1,0,0,0,0,전남,담양군,차대사람,횡단중,과속,승용차,보행자,1,1315
2019-06-01 09:00:00+09,1,3,3,0,0,충북,충주시,차대차,측면충돌,과속,승용차,승용차,5,1316
2019-06-01 13:00:00+09,1,0,0,0,0,경북,영주시,차대사람,횡단중,보행자 보호의무 위반,화물차,보행자,5,1317
2019-06-01 13:00:00+09,1,3,3,0,0,인천,강화군,차대차,추돌,안전운전 의무 불이행,화물차,승용차,5,1318
2019-06-01 21:00:00+09,1,0,0,0,0,전북,전주시,차대차,추돌,안전운전 의무 불이행,승용차,이륜차,5,1319
2019-06-01 22:00:00+09,1,0,0,0,0,충남,홍성군,차대사람,차도통행중,안전운전 의무 불이행,승용차,보행자,5,1320
2019-06-01 22:00:00+09,1,0,0,0,0,대구,수성구,차대사람,기타,안전운전 의무 불이행,승용차,보행자,5,1321
2019-06-01 23:00:00+09,1,0,0,0,0,서울,강남구,차대사람,기타,안전운전 의무 불이행,승용차,보행자,5,1322
2019-06-02 04:00:00+09,1,0,0,0,0,충남,아산시,차량단독,공작물충돌,안전운전 의무 불이행,승용차,없음,2,1323
2019-06-02 12:00:00+09,1,1,1,0,0,충북,제천시,차대차,정면충돌,중앙선 침범,이륜차,승용차,6,1324
2019-06-02 15:00:00+09,1,2,1,1,0,강원,인제군,차대차,정면충돌,중앙선 침범,승용차,화물차,5,1325
2019-06-02 16:00:00+09,1,0,0,0,0,충북,진천군,차량단독,기타,안전운전 의무 불이행,이륜차,없음,5,1326
2019-06-02 17:00:00+09,1,0,0,0,0,경북,포항시,차대차,기타,신호위반,농기계,화물차,1,1327
2019-06-02 20:00:00+09,1,0,0,0,0,세종,세종시,차량단독,공작물충돌,안전운전 의무 불이행,자전거,없음,5,1328
2019-06-02 20:00:00+09,1,1,0,1,0,울산,울주군,차대차,추돌,안전운전 의무 불이행,승용차,화물차,6,1329
2019-06-02 21:00:00+09,1,0,0,0,0,경기,안산시,차대차,측면충돌,신호위반,승합차,승용차,1,1330
2019-06-02 23:00:00+09,1,0,0,0,0,전남,목포시,차량단독,공작물충돌,안전운전 의무 불이행,이륜차,없음,5,1331
2019-06-03 04:00:00+09,1,0,0,0,0,광주,북구,차대사람,횡단중,신호위반,승용차,보행자,3,1332
2019-06-03 08:00:00+09,1,0,0,0,0,서울,구로구,차대차,측면충돌,신호위반,승용차,이륜차,1,1333
2019-06-03 17:00:00+09,1,0,0,0,0,충남,홍성군,차대사람,차도통행중,안전운전 의무 불이행,농기계,보행자,1,1334
2019-06-03 20:00:00+09,1,0,0,0,0,전북,완주군,차대차,측면충돌,신호위반,승용차,이륜차,1,1335
2019-06-03 22:00:00+09,1,0,0,0,0,충남,태안군,차량단독,전도,안전운전 의무 불이행,승용차,없음,5,1336
2019-06-04 01:00:00+09,1,1,0,1,0,경남,진주시,차량단독,공작물충돌,안전운전 의무 불이행,이륜차,없음,1,1337
2019-06-04 04:00:00+09,1,1,1,0,0,경북,경주시,차대차,추돌,안전운전 의무 불이행,화물차,농기계,5,1338
2019-06-04 07:00:00+09,3,1,1,0,0,충남,공주시,차대차,정면충돌,중앙선 침범,화물차,승용차,4,1339
2019-06-04 10:00:00+09,1,1,1,0,0,충북,충주시,차대차,정면충돌,기타,건설기계,화물차,1,1340
2019-06-04 10:00:00+09,1,0,0,0,0,경남,창원시,차대차,기타,교차로 통행방법 위반,이륜차,화물차,1,1341
2019-06-04 11:00:00+09,1,1,0,1,0,충남,서산시,차대차,측면충돌,기타,승용차,특수차,1,1342
2019-06-04 12:00:00+09,1,2,1,1,0,충북,증평군,차량단독,공작물충돌,안전운전 의무 불이행,승용차,없음,2,1343
2019-06-04 14:00:00+09,1,0,0,0,0,경북,의성군,차대차,측면충돌,중앙선 침범,화물차,이륜차,5,1344
2019-06-04 18:00:00+09,1,0,0,0,0,충북,음성군,차량단독,전복,안전운전 의무 불이행,사륜오토바이(ATV),없음,5,1345
2019-06-04 20:00:00+09,1,1,1,0,0,경기,평택시,차대차,추돌,안전운전 의무 불이행,이륜차,농기계,5,1346
2019-06-04 20:00:00+09,1,0,0,0,0,대구,달성군,차대차,기타,안전운전 의무 불이행,화물차,승용차,5,1347
2019-06-05 05:00:00+09,1,0,0,0,0,충남,홍성군,차량단독,공작물충돌,안전운전 의무 불이행,승용차,없음,1,1348
2019-06-05 07:00:00+09,1,0,0,0,0,부산,사상구,차대사람,기타,안전운전 의무 불이행,승합차,보행자,1,1349
2019-06-05 07:00:00+09,1,0,0,0,0,경기,평택시,차대사람,기타,안전운전 의무 불이행,승용차,보행자,4,1350
2019-06-05 07:00:00+09,1,1,0,1,0,경남,합천군,차량단독,기타,안전운전 의무 불이행,화물차,없음,5,1351
2019-06-05 09:00:00+09,1,0,0,0,0,경북,김천시,차대사람,길가장자리구역통행중,안전운전 의무 불이행,화물차,보행자,5,1352
2019-06-05 15:00:00+09,1,0,0,0,0,전북,군산시,차대차,추돌,안전운전 의무 불이행,화물차,화물차,5,1353
2019-06-05 17:00:00+09,1,0,0,0,0,부산,북구,차량단독,기타,안전운전 의무 불이행,이륜차,없음,5,1354
2019-06-05 18:00:00+09,1,2,1,1,0,서울,영등포구,차대차,측면충돌,과속,이륜차,승용차,5,1355
2019-06-05 19:00:00+09,1,1,1,0,0,강원,화천군,차대차,정면충돌,중앙선 침범,화물차,승용차,5,1356
2019-06-05 19:00:00+09,1,0,0,0,0,충북,충주시,차대차,측면충돌,중앙선 침범,승용차,이륜차,1,1357
2019-06-05 19:00:00+09,1,0,0,0,0,충남,천안시,차대차,기타,안전운전 의무 불이행,승용차,자전거,5,1358
2019-06-05 19:00:00+09,1,0,0,0,0,전북,군산시,차대차,기타,안전운전 의무 불이행,승용차,자전거,1,1359
2019-06-05 20:00:00+09,2,2,2,0,0,경기,파주시,차대차,측면충돌,안전운전 의무 불이행,승용차,승합차,5,1360
2019-06-05 21:00:00+09,1,0,0,0,0,서울,양천구,차대사람,차도통행중,보행자 보호의무 위반,승합차,보행자,1,1361
2019-06-05 21:00:00+09,1,0,0,0,0,충북,진천군,차대사람,길가장자리구역통행중,안전운전 의무 불이행,승용차,보행자,5,1362
2019-06-05 21:00:00+09,1,0,0,0,0,충남,서산시,차량단독,공작물충돌,안전운전 의무 불이행,이륜차,없음,5,1363
2019-06-06 00:00:00+09,1,0,0,0,0,서울,강동구,차대사람,기타,안전운전 의무 불이행,승용차,보행자,5,1364
2019-06-06 02:00:00+09,1,0,0,0,0,강원,화천군,차대사람,기타,안전운전 의무 불이행,승용차,보행자,5,1365
2019-06-06 10:00:00+09,1,0,0,0,0,전북,무주군,차대차,측면충돌,안전운전 의무 불이행,건설기계,이륜차,1,1366
2019-06-06 14:00:00+09,1,0,0,0,0,경북,상주시,차량단독,도로이탈,안전운전 의무 불이행,농기계,없음,1,1367
2019-06-06 17:00:00+09,1,0,0,0,0,경북,안동시,차대차,기타,안전운전 의무 불이행,화물차,승용차,5,1368
2019-06-06 19:00:00+09,1,0,0,0,0,경기,용인시,차량단독,공작물충돌,안전운전 의무 불이행,승용차,없음,2,1369
2019-06-06 19:00:00+09,1,0,0,0,0,전남,고흥군,차량단독,전도,안전운전 의무 불이행,화물차,없음,5,1370
2019-06-07 00:00:00+09,1,1,0,1,0,강원,홍천군,차대차,추돌,안전운전 의무 불이행,화물차,승용차,1,1371
2019-06-07 00:00:00+09,1,2,2,0,0,충북,제천시,차량단독,공작물충돌,과속,승용차,없음,4,1372
2019-06-07 04:00:00+09,1,0,0,0,0,경북,포항시,차량단독,공작물충돌,안전운전 의무 불이행,특수차,없음,5,1373
2019-06-07 04:00:00+09,1,0,0,0,0,경기,양주시,차대사람,차도통행중,안전운전 의무 불이행,건설기계,보행자,5,1374
2019-06-07 05:00:00+09,1,0,0,0,0,서울,성북구,차대사람,횡단중,보행자 보호의무 위반,승용차,보행자,3,1375
2019-06-07 06:00:00+09,1,0,0,0,0,전남,장흥군,차량단독,전도,안전운전 의무 불이행,화물차,없음,5,1376
2019-06-07 07:00:00+09,1,4,4,0,0,전남,영암군,차량단독,공작물충돌,과속,승용차,없음,5,1377
2019-06-07 08:00:00+09,1,0,0,0,0,경기,하남시,차대사람,횡단중,보행자 보호의무 위반,화물차,보행자,3,1378
2019-06-07 11:00:00+09,1,0,0,0,0,경남,사천시,차대사람,기타,안전운전 의무 불이행,승용차,보행자,2,1379
2019-06-07 12:00:00+09,1,9,3,5,1,경기,평택시,차대차,측면충돌,안전운전 의무 불이행,승용차,승용차,5,1380
2019-06-07 14:00:00+09,1,0,0,0,0,경남,김해시,차대차,추돌,안전운전 의무 불이행,승용차,이륜차,2,1381
2019-06-07 14:00:00+09,1,0,0,0,0,광주,광산구,차대사람,보도통행중,기타,승용차,보행자,5,1382
2019-06-07 16:00:00+09,1,0,0,0,0,경남,진주시,차량단독,공작물충돌,안전운전 의무 불이행,이륜차,없음,5,1383
2019-06-07 20:00:00+09,1,0,0,0,0,충남,아산시,차대차,기타,안전운전 의무 불이행,승합차,자전거,5,1384
2019-06-07 21:00:00+09,1,0,0,0,0,경북,안동시,차대사람,차도통행중,안전운전 의무 불이행,화물차,보행자,5,1385
2019-06-08 04:00:00+09,1,0,0,0,0,인천,서구,차대사람,횡단중,과속,승용차,보행자,3,1386
2019-06-08 14:00:00+09,1,3,0,3,0,경기,남양주시,차대차,측면충돌,과속,승용차,승용차,1,1387
2019-06-08 16:00:00+09,1,0,0,0,0,충북,보은군,차대사람,기타,안전운전 의무 불이행,승용차,보행자,1,1388
2019-06-08 18:00:00+09,1,0,0,0,0,경북,칠곡군,차량단독,전도,안전운전 의무 불이행,원동기장치자전거,없음,5,1389
2019-06-08 21:00:00+09,1,2,1,1,0,경기,화성시,차량단독,공작물충돌,안전운전 의무 불이행,화물차,없음,5,1390
2019-06-08 21:00:00+09,1,0,0,0,0,대구,달서구,차대차,측면충돌,기타,자전거,승용차,5,1391
2019-06-09 00:00:00+09,1,1,1,0,0,제주,제주시,차대차,기타,신호위반,승용차,승용차,1,1392
2019-06-09 00:00:00+09,1,2,2,0,0,울산,울주군,차대차,측면충돌,신호위반,이륜차,이륜차,1,1393
2019-06-09 02:00:00+09,1,0,0,0,0,강원,홍천군,차대사람,기타,과속,승용차,보행자,4,1394
2019-06-09 04:00:00+09,1,2,2,0,0,충북,청주시,차대차,정면충돌,중앙선 침범,승용차,승용차,1,1395
2019-06-09 04:00:00+09,1,1,1,0,0,충남,아산시,차대차,추돌,안전운전 의무 불이행,승용차,사륜오토바이(ATV),5,1396
2019-06-09 06:00:00+09,1,1,0,1,0,경북,경주시,차량단독,도로이탈,안전운전 의무 불이행,농기계,없음,5,1397
2019-06-09 09:00:00+09,1,0,0,0,0,경기,양평군,차량단독,기타,안전운전 의무 불이행,자전거,없음,5,1398
2019-06-09 09:00:00+09,1,0,0,0,0,경기,동두천시,차대사람,보도통행중,안전운전 의무 불이행,승합차,보행자,3,1399
2019-06-09 11:00:00+09,1,2,2,0,0,경기,평택시,차대차,정면충돌,중앙선 침범,승용차,화물차,1,1400
2019-06-09 15:00:00+09,1,0,0,0,0,전남,담양군,차량단독,도로이탈,안전운전 의무 불이행,농기계,없음,5,1401
2019-06-09 18:00:00+09,1,0,0,0,0,서울,강서구,차대차,기타,신호위반,이륜차,승합차,1,1402
2019-06-10 02:00:00+09,1,0,0,0,0,인천,남동구,차대사람,기타,안전운전 의무 불이행,승합차,보행자,8,1403
2019-06-10 07:00:00+09,1,1,1,0,0,전북,고창군,차대차,측면충돌,안전거리 미확보,화물차,승용차,5,1404
2019-06-10 07:00:00+09,1,0,0,0,0,대구,달성군,차대차,기타,안전운전 의무 불이행,승용차,농기계,5,1405
2019-06-10 10:00:00+09,1,0,0,0,0,경남,창원시,차대차,측면충돌,신호위반,이륜차,특수차,1,1406
2019-06-10 14:00:00+09,1,0,0,0,0,전북,익산시,차대차,측면충돌,신호위반,건설기계,이륜차,1,1407
2019-06-10 14:00:00+09,1,0,0,0,0,경남,밀양시,차대차,측면충돌,중앙선 침범,화물차,이륜차,7,1408
2019-06-10 20:00:00+09,1,1,0,0,1,서울,동대문구,차대사람,횡단중,안전운전 의무 불이행,이륜차,보행자,5,1409
2019-06-10 22:00:00+09,1,0,0,0,0,경기,고양시,차대차,측면충돌,신호위반,승합차,자전거,1,1410
2019-06-11 00:00:00+09,1,0,0,0,0,부산,해운대구,차량단독,공작물충돌,안전운전 의무 불이행,이륜차,없음,5,1411
2019-06-11 01:00:00+09,1,1,0,1,0,전남,여수시,차대차,측면충돌,신호위반,원동기장치자전거,화물차,1,1412
2019-06-11 05:00:00+09,1,0,0,0,0,대구,중구,차대차,측면충돌,안전운전 의무 불이행,화물차,자전거,3,1413
2019-06-11 07:00:00+09,2,1,0,1,0,충남,서산시,차대차,추돌,안전운전 의무 불이행,승용차,승용차,5,1414
2019-06-11 07:00:00+09,1,0,0,0,0,경남,김해시,차량단독,공작물충돌,안전운전 의무 불이행,승용차,없음,1,1415
2019-06-11 12:00:00+09,1,2,2,0,0,충남,공주시,차대차,추돌,안전운전 의무 불이행,화물차,화물차,5,1416
2019-06-12 08:00:00+09,1,0,0,0,0,서울,서대문구,차대사람,차도통행중,안전운전 의무 불이행,건설기계,보행자,2,1417
2019-06-12 12:00:00+09,1,0,0,0,0,경기,평택시,차량단독,전도,안전운전 의무 불이행,자전거,없음,2,1418
2019-06-12 13:00:00+09,1,0,0,0,0,경북,고령군,차대차,측면충돌,신호위반,이륜차,화물차,1,1419
2019-06-12 16:00:00+09,1,1,1,0,0,경북,성주군,차량단독,공작물충돌,안전운전 의무 불이행,승용차,없음,5,1420
2019-06-12 17:00:00+09,1,3,0,3,0,전남,순천시,차대차,측면충돌,신호위반,승용차,승용차,1,1421
2019-06-12 18:00:00+09,1,0,0,0,0,충남,서산시,차대사람,횡단중,안전운전 의무 불이행,승용차,보행자,1,1422
2019-06-12 22:00:00+09,1,0,0,0,0,충남,공주시,차량단독,도로이탈,안전운전 의무 불이행,이륜차,없음,5,1423
2019-06-12 22:00:00+09,1,1,1,0,0,대전,대덕구,차대차,기타,신호위반,이륜차,승용차,2,1424
2019-06-13 00:00:00+09,1,0,0,0,0,경기,고양시,차대사람,횡단중,과속,승용차,보행자,5,1425