발생일시,사망자수,부상자수,중상자수,경상자수,부상신고자수,시도,시군구,사고유형_대분류,사고유형_중분류,가해자법규위반,가해자_당사자종별,피해자_당사자종별,도로형태id,사고id
2019-09-21 11:00:00+09,1,0,0,0,0,경기,파주시,차량단독,기타,안전운전 의무 불이행,이륜차,없음,5,2227
2019-09-21 14:00:00+09,1,3,3,0,0,서울,강동구,차대사람,기타,기타,승용차,보행자,5,2228
2019-09-21 16:00:00+09,1,0,0,0,0,강원,춘천시,차대차,측면충돌,안전운전 의무 불이행,자전거,승합차,5,2229
2019-09-21 16:00:00+09,1,0,0,0,0,충남,서천군,차량단독,공작물충돌,안전운전 의무 불이행,승용차,없음,5,2230
2019-09-21 18:00:00+09,1,0,0,0,0,충북,옥천군,차대사람,차도통행중,안전운전 의무 불이행,승용차,보행자,5,2231
2019-09-21 19:00:00+09,1,2,0,2,0,강원,원주시,차대사람,횡단중,보행자 보호의무 위반,승합차,보행자,5,2232
2019-09-21 22:00:00+09,1,0,0,0,0,경남,양산시,차량단독,공작물충돌,안전운전 의무 불이행,이륜차,없음,5,2233
2019-09-22 01:00:00+09,1,0,0,0,0,경기,수원시,차량단독,기타,기타,승용차,없음,5,2234
2019-09-22 06:00:00+09,1,0,0,0,0,서울,동대문구,차대사람,차도통행중,안전운전 의무 불이행,승용차,보행자,2,2235
2019-09-22 08:00:00+09,1,2,1,1,0,경남,김해시,차대차,측면충돌,과속,승용차,화물차,5,2236
2019-09-22 15:00:00+09,1,17,2,15,0,대구,동구,차량단독,공작물충돌,과속,승합차,없음,5,2237
2019-09-22 17:00:00+09,1,0,0,0,0,강원,원주시,차량단독,도로이탈,안전운전 의무 불이행,화물차,없음,5,2238
2019-09-23 04:00:00+09,1,1,1,0,0,경기,안산시,차대차,기타,중앙선 침범,이륜차,화물차,5,2240
2019-09-23 05:00:00+09,1,1,0,1,0,경기,고양시,차대차,추돌,안전운전 의무 불이행,화물차,화물차,5,2241
2019-09-23 07:00:00+09,1,0,0,0,0,충북,음성군,차대차,정면충돌,안전운전 의무 불이행,승용차,이륜차,5,2242
2019-09-23 10:00:00+09,1,2,0,2,0,경기,광주시,차대차,추돌,안전운전 의무 불이행,화물차,화물차,5,2243
2019-09-23 10:00:00+09,1,0,0,0,0,충남,천안시,차대사람,차도통행중,기타,승용차,보행자,5,2244
2019-09-23 11:00:00+09,1,0,0,0,0,서울,서초구,차대사람,차도통행중,안전운전 의무 불이행,건설기계,보행자,5,2245
2019-09-23 11:00:00+09,1,0,0,0,0,경기,광명시,차대차,측면충돌,신호위반,이륜차,화물차,1,2246
2019-09-23 11:00:00+09,1,0,0,0,0,전남,광양시,차대차,측면충돌,안전운전 의무 불이행,승용차,화물차,5,2247
2019-09-23 12:00:00+09,1,1,1,0,0,경기,안성시,차대차,기타,안전운전 의무 불이행,승합차,특수차,5,2248
2019-09-23 13:00:00+09,1,0,0,0,0,경남,함양군,차대사람,차도통행중,안전운전 의무 불이행,화물차,보행자,5,2249
2019-09-23 14:00:00+09,1,0,0,0,0,서울,서초구,차대사람,보도통행중,보행자 보호의무 위반,건설기계,보행자,3,2250
2019-09-23 14:00:00+09,1,0,0,0,0,전북,전주시,차대사람,횡단중,신호위반,화물차,보행자,5,2251
2019-09-23 14:00:00+09,1,1,1,0,0,전남,고흥군,차대차,추돌,안전운전 의무 불이행,화물차,화물차,5,2252
2019-09-23 21:00:00+09,1,3,0,3,0,울산,북구,차대차,정면충돌,중앙선 침범,승용차,승용차,5,2253
2019-09-24 02:00:00+09,1,0,0,0,0,경남,창원시,차량단독,공작물충돌,안전운전 의무 불이행,승용차,없음,4,2254
2019-09-24 13:00:00+09,1,0,0,0,0,충남,태안군,차대사람,횡단중,안전운전 의무 불이행,승용차,보행자,2,2255
2019-09-24 13:00:00+09,1,0,0,0,0,경북,문경시,차대차,측면충돌,안전운전 의무 불이행,화물차,이륜차,1,2256
2019-09-24 17:00:00+09,1,0,0,0,0,경기,평택시,차대차,측면충돌,신호위반,원동기장치자전거,승용차,1,2257
2019-09-24 18:00:00+09,1,0,0,0,0,강원,삼척시,차량단독,전도,안전운전 의무 불이행,농기계,없음,5,2258
2019-09-24 18:00:00+09,1,0,0,0,0,충북,충주시,차대차,측면충돌,안전운전 의무 불이행,승용차,원동기장치자전거,2,2259
2019-09-24 19:00:00+09,1,0,0,0,0,대구,북구,차량단독,전도,안전운전 의무 불이행,자전거,없음,5,2260
2019-09-24 21:00:00+09,1,1,0,1,0,충북,제천시,차대차,정면충돌,신호위반,이륜차,승용차,1,2261
2019-09-24 21:00:00+09,1,0,0,0,0,대전,유성구,차대사람,횡단중,신호위반,화물차,보행자,1,2262
2019-09-24 23:00:00+09,1,0,0,0,0,경남,양산시,차량단독,공작물충돌,안전운전 의무 불이행,승용차,없음,5,2263
2019-09-25 01:00:00+09,1,0,0,0,0,경기,고양시,차대차,정면충돌,신호위반,이륜차,승합차,1,2264
2019-09-25 02:00:00+09,1,0,0,0,0,서울,양천구,차대사람,횡단중,안전운전 의무 불이행,승용차,보행자,2,2265
2019-09-25 03:00:00+09,1,0,0,0,0,전북,군산시,차대사람,횡단중,보행자 보호의무 위반,승용차,보행자,3,2266
2019-09-25 03:00:00+09,1,0,0,0,0,인천,남동구,차대차,추돌,안전운전 의무 불이행,승용차,화물차,5,2267
2019-09-25 07:00:00+09,1,0,0,0,0,경기,광주시,차대사람,횡단중,안전운전 의무 불이행,화물차,보행자,1,2268
2019-09-25 14:00:00+09,1,18,7,7,4,경기,의왕시,차량단독,공작물충돌,안전운전 의무 불이행,승합차,없음,5,2269
2019-09-25 14:00:00+09,1,0,0,0,0,강원,삼척시,차량단독,전도,안전운전 의무 불이행,건설기계,없음,1,2270
2019-09-25 15:00:00+09,1,1,0,1,0,제주,서귀포시,차대차,측면충돌,신호위반,화물차,승용차,1,2271
2019-09-25 15:00:00+09,1,0,0,0,0,대구,동구,차대차,추돌,기타,자전거,화물차,2,2272
2019-09-26 05:00:00+09,1,2,0,2,0,강원,속초시,차대차,추돌,안전운전 의무 불이행,이륜차,승용차,6,2273
2019-09-26 05:00:00+09,1,0,0,0,0,경남,진주시,차대사람,보도통행중,보행자 보호의무 위반,승용차,보행자,3,2274
2019-09-26 06:00:00+09,1,0,0,0,0,인천,서구,차대사람,차도통행중,안전운전 의무 불이행,화물차,보행자,1,2275
2019-09-26 09:00:00+09,1,0,0,0,0,전북,순창군,차대차,측면충돌,신호위반,이륜차,승용차,1,2276
2019-09-26 11:00:00+09,1,0,0,0,0,충남,천안시,차대차,추돌,안전운전 의무 불이행,화물차,화물차,5,2277
2019-09-26 11:00:00+09,1,0,0,0,0,경남,진주시,차대차,측면충돌,기타,이륜차,화물차,1,2278
2019-09-26 11:00:00+09,1,0,0,0,0,경남,창원시,차대사람,횡단중,안전운전 의무 불이행,승용차,보행자,1,2279
2019-09-26 16:00:00+09,1,0,0,0,0,경남,진주시,차대차,측면충돌,안전운전 의무 불이행,승용차,자전거,5,2280
2019-09-26 19:00:00+09,2,0,0,0,0,경기,이천시,차대차,기타,안전운전 의무 불이행,승용차,원동기장치자전거,5,2281
2019-09-26 19:00:00+09,1,0,0,0,0,경기,남양주시,차대차,기타,안전운전 의무 불이행,승용차,이륜차,5,2282
2019-09-27 00:00:00+09,2,7,2,5,0,인천,남동구,차대차,추돌,안전운전 의무 불이행,화물차,화물차,5,2283
2019-09-27 05:00:00+09,1,0,0,0,0,서울,서초구,차대사람,횡단중,안전운전 의무 불이행,승용차,보행자,5,2284
2019-09-27 08:00:00+09,1,0,0,0,0,전북,완주군,차대차,측면충돌,안전운전 의무 불이행,이륜차,화물차,5,2285
2019-09-27 09:00:00+09,1,0,0,0,0,경북,청도군,차량단독,도로이탈,안전운전 의무 불이행,화물차,없음,5,2286
2019-09-27 11:00:00+09,1,0,0,0,0,경기,하남시,차대차,기타,안전운전 의무 불이행,승용차,자전거,1,2287
2019-09-27 12:00:00+09,1,0,0,0,0,경북,김천시,차량단독,공작물충돌,안전운전 의무 불이행,농기계,없음,4,2288
2019-09-27 13:00:00+09,1,0,0,0,0,경북,상주시,차대사람,횡단중,보행자 보호의무 위반,승용차,보행자,1,2289
2019-09-27 14:00:00+09,1,0,0,0,0,서울,중랑구,차대차,측면충돌,안전운전 의무 불이행,자전거,승합차,5,2290
2019-09-27 15:00:00+09,1,0,0,0,0,경남,창원시,차대차,측면충돌,신호위반,이륜차,승용차,1,2291
2019-09-27 17:00:00+09,1,0,0,0,0,경북,안동시,차량단독,기타,안전운전 의무 불이행,이륜차,없음,5,2292
2019-10-19 19:00:00+09,1,1,1,0,0,전북,고창군,차대차,추돌,과속,승용차,화물차,4,2506
2019-09-27 18:00:00+09,1,0,0,0,0,전남,함평군,차대차,추돌,안전운전 의무 불이행,화물차,승용차,5,2293
2019-09-27 19:00:00+09,1,0,0,0,0,인천,남동구,차대차,측면충돌,신호위반,승용차,이륜차,1,2294
2019-09-28 01:00:00+09,1,0,0,0,0,전남,강진군,차대사람,기타,안전운전 의무 불이행,화물차,보행자,5,2295
2019-09-28 01:00:00+09,1,0,0,0,0,경북,상주시,차량단독,공작물충돌,안전운전 의무 불이행,화물차,없음,2,2296
2019-09-28 01:00:00+09,1,1,0,1,0,인천,미추홀구,차대차,추돌,안전운전 의무 불이행,승용차,특수차,5,2297
2019-09-28 05:00:00+09,1,0,0,0,0,전북,고창군,차대사람,길가장자리구역통행중,안전운전 의무 불이행,승용차,보행자,5,2298
2019-09-28 06:00:00+09,1,1,0,1,0,충남,공주시,차대차,추돌,안전운전 의무 불이행,특수차,건설기계,5,2299
2019-09-28 07:00:00+09,1,1,0,1,0,전남,여수시,차대차,정면충돌,중앙선 침범,승용차,승합차,5,2300
2019-09-28 08:00:00+09,1,0,0,0,0,경기,이천시,차대차,추돌,안전운전 의무 불이행,화물차,승용차,5,2301
2019-09-28 10:00:00+09,1,3,2,1,0,전북,익산시,차대차,측면충돌,안전운전 의무 불이행,화물차,승용차,1,2302
2019-09-28 11:00:00+09,1,0,0,0,0,경기,양주시,차대차,추돌,안전운전 의무 불이행,승용차,사륜오토바이(ATV),6,2303
2019-09-28 13:00:00+09,1,0,0,0,0,강원,강릉시,차량단독,공작물충돌,안전운전 의무 불이행,화물차,없음,2,2304
2019-09-28 16:00:00+09,1,0,0,0,0,전북,완주군,차대사람,기타,안전운전 의무 불이행,화물차,보행자,5,2305
2019-09-28 16:00:00+09,1,3,0,3,0,전남,나주시,차대차,측면충돌,기타,승용차,승용차,1,2306
2019-09-28 20:00:00+09,1,0,0,0,0,충남,홍성군,차대사람,횡단중,안전운전 의무 불이행,승용차,보행자,5,2307
2019-09-28 21:00:00+09,1,1,1,0,0,충남,보령시,차대차,측면충돌,안전운전 의무 불이행,화물차,승용차,5,2308
2019-09-29 11:00:00+09,1,0,0,0,0,서울,서대문구,차대차,측면충돌,안전거리 미확보,건설기계,이륜차,5,2309
2019-09-29 12:00:00+09,1,0,0,0,0,강원,인제군,차대사람,기타,안전운전 의무 불이행,화물차,보행자,5,2310
2019-09-29 13:00:00+09,1,0,0,0,0,충북,단양군,차량단독,공작물충돌,안전운전 의무 불이행,이륜차,없음,4,2311
2019-09-29 14:00:00+09,1,0,0,0,0,전남,무안군,차대사람,기타,안전운전 의무 불이행,화물차,보행자,5,2312
2019-09-29 19:00:00+09,1,1,0,1,0,경기,안성시,차대차,정면충돌,중앙선 침범,승용차,화물차,5,2313
2019-09-29 19:00:00+09,1,0,0,0,0,경기,성남시,차대사람,횡단중,안전운전 의무 불이행,승용차,보행자,5,2314
2019-09-29 20:00:00+09,1,0,0,0,0,경기,군포시,차대사람,기타,안전운전 의무 불이행,승용차,보행자,5,2315
2019-09-29 21:00:00+09,1,0,0,0,0,경기,의정부시,차대사람,횡단중,신호위반,승용차,보행자,5,2316
2019-09-29 22:00:00+09,1,0,0,0,0,서울,마포구,차량단독,기타,안전운전 의무 불이행,개인형이동수단(PM),없음,5,2317
2019-09-29 22:00:00+09,1,1,1,0,0,충남,부여군,차대차,기타,과속,승용차,승용차,5,2318
2019-09-30 01:00:00+09,1,0,0,0,0,인천,남동구,차대사람,차도통행중,과속,승용차,보행자,5,2319
2019-09-30 05:00:00+09,1,0,0,0,0,강원,홍천군,차대차,추돌,과속,화물차,농기계,5,2320
2019-09-30 05:00:00+09,1,0,0,0,0,경기,고양시,차대차,정면충돌,안전운전 의무 불이행,화물차,이륜차,2,2321
2019-09-30 06:00:00+09,1,0,0,0,0,충남,천안시,차대사람,기타,기타,화물차,보행자,5,2322
2019-09-30 07:00:00+09,1,0,0,0,0,전북,고창군,차대차,기타,안전운전 의무 불이행,화물차,화물차,1,2323
2019-09-30 07:00:00+09,1,0,0,0,0,대전,서구,차대사람,횡단중,보행자 보호의무 위반,승용차,보행자,3,2324
2019-09-30 07:00:00+09,1,0,0,0,0,경기,동두천시,차대사람,횡단중,안전운전 의무 불이행,승합차,보행자,5,2325
2019-09-30 09:00:00+09,1,0,0,0,0,전북,전주시,차대사람,차도통행중,안전운전 의무 불이행,승용차,보행자,5,2326
2019-09-30 09:00:00+09,1,0,0,0,0,경기,파주시,차량단독,공작물충돌,안전운전 의무 불이행,사륜오토바이(ATV),없음,1,2327
2019-09-30 19:00:00+09,2,2,0,1,1,전남,함평군,차대차,추돌,안전운전 의무 불이행,화물차,농기계,5,2328
2019-09-30 22:00:00+09,1,0,0,0,0,서울,금천구,차대사람,횡단중,신호위반,승용차,보행자,5,2329
2019-10-01 04:00:00+09,1,0,0,0,0,충남,천안시,차대차,추돌,안전운전 의무 불이행,승합차,농기계,5,2330
2019-10-01 05:00:00+09,1,0,0,0,0,서울,영등포구,차대차,추돌,안전운전 의무 불이행,화물차,자전거,4,2331
2019-10-01 06:00:00+09,2,3,2,1,0,대전,대덕구,차대차,추돌,안전운전 의무 불이행,화물차,화물차,4,2332
2019-10-01 08:00:00+09,1,2,0,2,0,서울,강서구,차대차,측면충돌,안전거리 미확보,이륜차,승용차,5,2333
2019-10-01 10:00:00+09,1,0,0,0,0,서울,금천구,차대사람,횡단중,보행자 보호의무 위반,화물차,보행자,1,2334
2019-10-01 15:00:00+09,1,0,0,0,0,경남,창원시,차량단독,공작물충돌,안전운전 의무 불이행,화물차,없음,5,2335
2019-10-01 16:00:00+09,1,0,0,0,0,서울,은평구,차대차,측면충돌,기타,원동기장치자전거,승용차,1,2336
2019-10-01 17:00:00+09,1,3,2,1,0,충남,부여군,차대차,정면충돌,중앙선 침범,화물차,화물차,5,2337
2019-10-02 02:00:00+09,1,0,0,0,0,경기,의정부시,차대사람,기타,안전운전 의무 불이행,승용차,보행자,5,2338
2019-10-02 03:00:00+09,1,0,0,0,0,서울,서초구,차대차,측면충돌,신호위반,승용차,이륜차,1,2339
2019-10-02 05:00:00+09,1,0,0,0,0,전북,전주시,차량단독,공작물충돌,안전운전 의무 불이행,이륜차,없음,5,2340
2019-10-02 13:00:00+09,1,0,0,0,0,강원,원주시,차량단독,기타,안전운전 의무 불이행,화물차,없음,5,2341
2019-10-02 18:00:00+09,1,0,0,0,0,충남,예산군,차대사람,기타,안전운전 의무 불이행,승용차,보행자,4,2342
2019-10-02 21:00:00+09,1,0,0,0,0,전북,완주군,차대사람,차도통행중,보행자 보호의무 위반,화물차,보행자,2,2343
2019-10-02 22:00:00+09,1,0,0,0,0,충북,청주시,차대사람,차도통행중,안전운전 의무 불이행,승용차,보행자,5,2344
2019-10-02 23:00:00+09,1,1,0,1,0,강원,횡성군,차대차,추돌,과속,승용차,승용차,5,2345
2019-10-03 00:00:00+09,1,0,0,0,0,서울,강남구,차대사람,기타,안전운전 의무 불이행,승용차,보행자,5,2346
2019-10-03 00:00:00+09,1,0,0,0,0,인천,남동구,차대사람,횡단중,과속,승용차,보행자,5,2347
2019-10-03 02:00:00+09,1,0,0,0,0,인천,남동구,차대사람,횡단중,과속,승용차,보행자,2,2348
2019-10-03 06:00:00+09,1,0,0,0,0,광주,광산구,차대차,측면충돌,교차로 통행방법 위반,이륜차,화물차,1,2349
2019-10-03 09:00:00+09,2,0,0,0,0,충남,부여군,차량단독,도로이탈,안전운전 의무 불이행,화물차,없음,5,2350
2019-10-03 15:00:00+09,1,0,0,0,0,경남,김해시,차대차,측면충돌,신호위반,승용차,이륜차,1,2351
2019-10-03 16:00:00+09,1,0,0,0,0,경남,의령군,차량단독,공작물충돌,안전운전 의무 불이행,화물차,없음,5,2352
2019-10-03 18:00:00+09,1,0,0,0,0,경북,상주시,차대사람,길가장자리구역통행중,안전운전 의무 불이행,화물차,보행자,5,2353
2019-10-03 21:00:00+09,2,0,0,0,0,전북,군산시,차대차,기타,안전운전 의무 불이행,화물차,이륜차,5,2354
2019-10-03 23:00:00+09,1,34,4,20,10,경기,용인시,차대차,측면충돌,신호위반,승용차,승합차,1,2355
2019-10-04 00:00:00+09,1,0,0,0,0,울산,중구,차량단독,공작물충돌,안전운전 의무 불이행,승합차,없음,1,2356
2019-10-04 05:00:00+09,1,0,0,0,0,경북,구미시,차대차,추돌,안전운전 의무 불이행,화물차,건설기계,5,2357
2019-10-04 08:00:00+09,1,0,0,0,0,전남,나주시,차량단독,공작물충돌,안전운전 의무 불이행,건설기계,없음,2,2358
2019-10-04 10:00:00+09,1,1,1,0,0,충북,영동군,차대차,정면충돌,중앙선 침범,승용차,건설기계,5,2359
2019-10-04 10:00:00+09,1,0,0,0,0,전북,진안군,차량단독,도로이탈,안전운전 의무 불이행,화물차,없음,1,2360
2019-10-04 12:00:00+09,1,1,1,0,0,경남,거창군,차대차,정면충돌,안전운전 의무 불이행,화물차,이륜차,5,2361
2019-10-04 14:00:00+09,1,0,0,0,0,충북,단양군,차대사람,횡단중,안전운전 의무 불이행,승용차,보행자,4,2362
2019-10-04 17:00:00+09,1,0,0,0,0,울산,북구,차량단독,공작물충돌,안전운전 의무 불이행,이륜차,없음,5,2363
2019-10-04 18:00:00+09,1,0,0,0,0,전남,함평군,차대사람,횡단중,안전운전 의무 불이행,승용차,보행자,2,2364
2019-10-04 18:00:00+09,1,0,0,0,0,경남,김해시,차대사람,기타,안전운전 의무 불이행,승용차,보행자,5,2365
2019-10-04 18:00:00+09,1,0,0,0,0,경기,고양시,차대사람,횡단중,안전운전 의무 불이행,승용차,보행자,1,2366
2019-10-04 18:00:00+09,1,0,0,0,0,경기,남양주시,차대사람,횡단중,신호위반,이륜차,보행자,3,2367
2019-10-04 20:00:00+09,1,0,0,0,0,강원,횡성군,차대사람,횡단중,안전운전 의무 불이행,승용차,보행자,5,2368
2019-10-04 23:00:00+09,1,1,1,0,0,서울,동대문구,차대차,측면충돌,신호위반,이륜차,승용차,1,2369
2019-10-05 03:00:00+09,1,0,0,0,0,서울,성동구,차대사람,차도통행중,안전운전 의무 불이행,화물차,보행자,5,2370
2019-10-05 08:00:00+09,1,6,4,2,0,충남,천안시,차량단독,공작물충돌,과속,승합차,없음,5,2371
2019-10-05 09:00:00+09,1,0,0,0,0,경기,여주시,차대사람,횡단중,과속,승용차,보행자,5,2372
2019-10-05 10:00:00+09,1,0,0,0,0,경남,거창군,차량단독,도로이탈,안전운전 의무 불이행,이륜차,없음,4,2373
2019-10-05 18:00:00+09,1,0,0,0,0,경북,영천시,차대사람,횡단중,안전운전 의무 불이행,승용차,보행자,1,2374
2019-10-05 23:00:00+09,1,0,0,0,0,경기,수원시,차대사람,기타,안전운전 의무 불이행,승합차,보행자,5,2375
2019-10-06 02:00:00+09,1,0,0,0,0,경남,양산시,차대사람,기타,안전운전 의무 불이행,승용차,보행자,3,2376
2019-10-06 12:00:00+09,1,1,1,0,0,전남,강진군,차대차,측면충돌,기타,이륜차,화물차,1,2377
2019-10-06 14:00:00+09,1,0,0,0,0,서울,중구,차대사람,횡단중,안전운전 의무 불이행,승합차,보행자,5,2378
2019-10-06 18:00:00+09,1,0,0,0,0,경북,포항시,차대차,기타,교차로 통행방법 위반,승용차,원동기장치자전거,1,2379
2019-10-06 21:00:00+09,1,0,0,0,0,경기,여주시,차대사람,횡단중,안전운전 의무 불이행,승용차,보행자,2,2380
2019-10-06 21:00:00+09,1,0,0,0,0,경기,남양주시,차량단독,기타,안전운전 의무 불이행,원동기장치자전거,없음,6,2381
2019-10-07 05:00:00+09,1,0,0,0,0,서울,송파구,차대사람,차도통행중,안전운전 의무 불이행,승용차,보행자,5,2382
2019-10-07 06:00:00+09,1,0,0,0,0,대구,북구,차대사람,횡단중,과속,승용차,보행자,5,2383
2019-10-07 06:00:00+09,1,0,0,0,0,대구,달서구,차대사람,횡단중,안전운전 의무 불이행,승용차,보행자,5,2384
2019-10-07 12:00:00+09,1,0,0,0,0,강원,양양군,차량단독,도로이탈,안전운전 의무 불이행,화물차,없음,5,2385
2019-10-07 18:00:00+09,1,0,0,0,0,충남,공주시,차대사람,기타,안전운전 의무 불이행,승용차,보행자,4,2386
2019-10-07 18:00:00+09,1,0,0,0,0,경남,김해시,차대차,측면충돌,안전운전 의무 불이행,화물차,자전거,3,2387
2019-10-07 19:00:00+09,1,0,0,0,0,전남,순천시,차대사람,기타,안전운전 의무 불이행,승용차,보행자,5,2388
2019-10-08 06:00:00+09,1,0,0,0,0,서울,강동구,차대사람,횡단중,보행자 보호의무 위반,승용차,보행자,5,2389
2019-10-08 11:00:00+09,1,6,0,1,5,충남,아산시,차대차,측면충돌,과속,승용차,승합차,1,2390
2019-10-08 12:00:00+09,1,0,0,0,0,전남,장성군,차대차,측면충돌,안전운전 의무 불이행,화물차,자전거,2,2391
2019-10-08 13:00:00+09,1,0,0,0,0,울산,울주군,차대차,추돌,안전운전 의무 불이행,특수차,화물차,8,2392
2019-10-08 18:00:00+09,1,0,0,0,0,충남,논산시,차대사람,횡단중,안전운전 의무 불이행,승용차,보행자,5,2393
2019-10-09 00:00:00+09,1,0,0,0,0,경기,성남시,차대사람,기타,안전운전 의무 불이행,이륜차,보행자,5,2394
2019-10-09 00:00:00+09,1,0,0,0,0,경남,양산시,차대차,추돌,안전운전 의무 불이행,승용차,화물차,2,2395
2019-10-09 03:00:00+09,1,1,0,1,0,경기,평택시,차대차,추돌,안전운전 의무 불이행,화물차,화물차,5,2396
2019-10-09 06:00:00+09,1,0,0,0,0,서울,구로구,차대사람,기타,과속,승용차,보행자,5,2397
2019-10-09 14:00:00+09,1,0,0,0,0,강원,인제군,차량단독,공작물충돌,과속,화물차,없음,5,2398
2019-10-09 19:00:00+09,1,2,0,2,0,충북,청주시,차대차,기타,안전운전 의무 불이행,승용차,농기계,6,2400
2019-10-09 19:00:00+09,1,0,0,0,0,충남,태안군,차량단독,도로이탈,안전운전 의무 불이행,화물차,없음,2,2401
2019-10-09 19:00:00+09,1,2,0,2,0,전북,완주군,차대차,추돌,안전운전 의무 불이행,승용차,화물차,2,2402
2019-10-09 20:00:00+09,1,0,0,0,0,전북,군산시,차대차,추돌,안전운전 의무 불이행,승용차,자전거,5,2403
2019-10-10 02:00:00+09,1,1,0,1,0,전남,여수시,차대차,추돌,안전운전 의무 불이행,승용차,화물차,5,2404
2019-10-10 03:00:00+09,1,0,0,0,0,전북,익산시,차량단독,공작물충돌,안전운전 의무 불이행,화물차,없음,5,2405
2019-10-10 05:00:00+09,2,0,0,0,0,경북,포항시,차대사람,차도통행중,안전운전 의무 불이행,승용차,보행자,5,2406
2019-10-10 06:00:00+09,1,5,1,4,0,부산,강서구,차대차,추돌,안전거리 미확보,특수차,승용차,7,2407
2019-10-10 07:00:00+09,1,0,0,0,0,경기,고양시,차대사람,보도통행중,안전운전 의무 불이행,승합차,보행자,5,2408
2019-10-10 12:00:00+09,1,1,0,1,0,전남,광양시,차대차,측면충돌,안전운전 의무 불이행,이륜차,화물차,3,2409
2019-10-10 16:00:00+09,1,0,0,0,0,인천,서구,차대사람,횡단중,보행자 보호의무 위반,화물차,보행자,3,2410
2019-10-10 17:00:00+09,1,0,0,0,0,전남,구례군,차대사람,횡단중,과속,화물차,보행자,1,2411
2019-10-10 19:00:00+09,1,0,0,0,0,충북,제천시,차대사람,기타,안전운전 의무 불이행,승용차,보행자,5,2412
2019-10-10 20:00:00+09,1,0,0,0,0,경기,성남시,차량단독,공작물충돌,안전운전 의무 불이행,승용차,없음,2,2413
2019-10-10 22:00:00+09,1,1,0,1,0,충남,예산군,차대차,추돌,안전운전 의무 불이행,화물차,승용차,2,2414
2019-10-10 23:00:00+09,1,1,1,0,0,경남,고성군,차량단독,공작물충돌,안전운전 의무 불이행,이륜차,없음,5,2415
2019-10-11 03:00:00+09,1,0,0,0,0,경기,이천시,차대차,추돌,안전운전 의무 불이행,승용차,화물차,5,2416
2019-10-11 06:00:00+09,1,1,1,0,0,인천,옹진군,차대사람,차도통행중,안전운전 의무 불이행,승용차,보행자,5,2417
2019-10-11 08:00:00+09,1,0,0,0,0,경기,김포시,차대차,기타,기타,자전거,승용차,2,2418
2019-10-11 08:00:00+09,1,1,0,1,0,경기,안산시,차대차,추돌,안전운전 의무 불이행,건설기계,화물차,5,2419
2019-10-11 08:00:00+09,1,1,1,0,0,전북,고창군,차대차,측면충돌,중앙선 침범,건설기계,원동기장치자전거,6,2420
2019-10-11 10:00:00+09,1,0,0,0,0,서울,금천구,차량단독,공작물충돌,신호위반,승용차,없음,2,2421
2019-10-11 13:00:00+09,1,0,0,0,0,부산,남구,차대사람,기타,안전운전 의무 불이행,승용차,보행자,1,2422
2019-10-11 15:00:00+09,1,0,0,0,0,경기,평택시,차대사람,횡단중,안전운전 의무 불이행,화물차,보행자,5,2423
2019-10-11 16:00:00+09,1,0,0,0,0,경기,김포시,차대차,측면충돌,안전운전 의무 불이행,승용차,이륜차,5,2424
2019-10-11 19:00:00+09,1,0,0,0,0,충남,서천군,차대차,추돌,안전운전 의무 불이행,승용차,자전거,5,2425
2019-10-11 20:00:00+09,1,0,0,0,0,서울,동대문구,차대차,측면충돌,신호위반,승용차,이륜차,1,2426
2019-10-11 20:00:00+09,1,0,0,0,0,충남,당진시,차대사람,길가장자리구역통행중,안전운전 의무 불이행,승용차,보행자,5,2427
2019-10-11 20:00:00+09,1,2,2,0,0,경북,청송군,차대사람,횡단중,안전운전 의무 불이행,승용차,보행자,6,2428