발생일시,사망자수,부상자수,중상자수,경상자수,부상신고자수,시도,시군구,사고유형_대분류,사고유형_중분류,가해자법규위반,가해자_당사자종별,피해자_당사자종별,도로형태id,사고id
2019-10-11 22:00:00+09,1,0,0,0,0,경기,평택시,차대사람,기타,안전운전 의무 불이행,화물차,보행자,6,2429
2019-10-12 03:00:00+09,1,6,3,3,0,인천,남동구,차대차,측면충돌,신호위반,승용차,승용차,1,2430
2019-10-12 07:00:00+09,1,0,0,0,0,서울,성동구,차대차,추돌,기타,승용차,자전거,2,2431
2019-10-12 08:00:00+09,1,0,0,0,0,전남,순천시,차대사람,기타,안전운전 의무 불이행,화물차,보행자,2,2432
2019-10-12 09:00:00+09,1,0,0,0,0,충남,아산시,차대차,기타,안전운전 의무 불이행,건설기계,이륜차,1,2433
2019-10-12 13:00:00+09,2,13,4,5,4,경기,이천시,차대차,추돌,안전거리 미확보,승합차,승용차,5,2434
2019-10-12 13:00:00+09,1,0,0,0,0,전남,완도군,차량단독,공작물충돌,안전운전 의무 불이행,농기계,없음,5,2435
2019-10-12 16:00:00+09,1,0,0,0,0,전남,나주시,차량단독,도로이탈,안전운전 의무 불이행,농기계,없음,5,2436
2019-10-12 18:00:00+09,1,0,0,0,0,충북,보은군,차대사람,차도통행중,안전운전 의무 불이행,화물차,보행자,5,2437
2019-10-12 19:00:00+09,1,1,0,1,0,경북,성주군,차대차,추돌,안전운전 의무 불이행,화물차,농기계,5,2438
2019-10-12 20:00:00+09,1,1,0,1,0,경북,구미시,차대사람,기타,안전운전 의무 불이행,승용차,보행자,2,2439
2019-10-12 23:00:00+09,1,4,0,4,0,경기,평택시,차대차,추돌,안전운전 의무 불이행,화물차,특수차,5,2440
2019-10-13 03:00:00+09,1,0,0,0,0,경남,창원시,차량단독,전도,안전운전 의무 불이행,이륜차,없음,5,2441
2019-10-13 18:00:00+09,1,0,0,0,0,전남,영암군,차대사람,횡단중,안전운전 의무 불이행,승용차,보행자,2,2442
2019-10-14 00:00:00+09,1,0,0,0,0,경북,안동시,차량단독,도로이탈,안전운전 의무 불이행,승용차,없음,5,2443
2019-10-14 04:00:00+09,1,0,0,0,0,대구,서구,차량단독,공작물충돌,기타,화물차,없음,5,2444
2019-10-14 05:00:00+09,1,0,0,0,0,충북,충주시,차대사람,횡단중,안전운전 의무 불이행,승용차,보행자,5,2445
2019-10-14 05:00:00+09,1,0,0,0,0,전남,광양시,차대사람,차도통행중,안전운전 의무 불이행,특수차,보행자,5,2446
2019-10-14 10:00:00+09,1,0,0,0,0,경기,안성시,차대차,측면충돌,기타,화물차,사륜오토바이(ATV),1,2447
2019-10-14 12:00:00+09,1,0,0,0,0,서울,서대문구,차량단독,기타,안전운전 의무 불이행,승용차,없음,5,2448
2019-10-14 14:00:00+09,1,0,0,0,0,전남,곡성군,차대사람,기타,안전운전 의무 불이행,화물차,보행자,5,2449
2019-10-14 14:00:00+09,1,0,0,0,0,경기,의정부시,차대사람,횡단중,안전운전 의무 불이행,승용차,보행자,1,2450
2019-10-14 18:00:00+09,1,0,0,0,0,충남,서천군,차대사람,횡단중,안전운전 의무 불이행,승용차,보행자,5,2451
2019-10-14 19:00:00+09,1,0,0,0,0,전북,임실군,차대사람,기타,안전운전 의무 불이행,승용차,보행자,5,2452
2019-10-15 06:00:00+09,1,0,0,0,0,경북,칠곡군,차대차,추돌,안전운전 의무 불이행,승용차,농기계,5,2453
2019-10-15 10:00:00+09,1,0,0,0,0,강원,철원군,차량단독,공작물충돌,과속,화물차,없음,5,2454
2019-10-15 10:00:00+09,1,0,0,0,0,충남,논산시,차량단독,전도,안전운전 의무 불이행,사륜오토바이(ATV),없음,7,2455
2019-10-15 10:00:00+09,1,0,0,0,0,인천,연수구,차대차,측면충돌,안전운전 의무 불이행,승용차,자전거,2,2456
2019-10-15 11:00:00+09,1,0,0,0,0,충남,보령시,차량단독,전복,안전운전 의무 불이행,화물차,없음,5,2457
2019-10-15 17:00:00+09,1,0,0,0,0,경기,안산시,차대차,측면충돌,안전운전 의무 불이행,자전거,화물차,1,2458
2019-10-15 18:00:00+09,1,0,0,0,0,강원,원주시,차대사람,횡단중,안전운전 의무 불이행,화물차,보행자,2,2459
2019-10-15 18:00:00+09,1,0,0,0,0,충남,태안군,차대사람,횡단중,안전운전 의무 불이행,승용차,보행자,5,2460
2019-10-15 19:00:00+09,1,0,0,0,0,전남,여수시,차대차,추돌,안전거리 미확보,승용차,농기계,5,2461
2019-10-16 07:00:00+09,1,3,3,0,0,충남,아산시,차대차,기타,신호위반,승용차,승용차,2,2462
2019-10-16 09:00:00+09,1,0,0,0,0,충남,당진시,차량단독,공작물충돌,안전운전 의무 불이행,이륜차,없음,5,2463
2019-10-16 10:00:00+09,1,0,0,0,0,전남,여수시,차량단독,공작물충돌,안전운전 의무 불이행,이륜차,없음,5,2464
2019-10-16 10:00:00+09,1,2,0,2,0,경기,화성시,차대차,추돌,안전거리 미확보,화물차,특수차,7,2465
2019-10-16 10:00:00+09,1,0,0,0,0,광주,북구,차대사람,횡단중,안전운전 의무 불이행,화물차,보행자,1,2466
2019-10-16 12:00:00+09,1,0,0,0,0,충남,논산시,차량단독,도로이탈,안전운전 의무 불이행,이륜차,없음,5,2467
2019-10-16 13:00:00+09,2,0,0,0,0,경남,거창군,차대차,정면충돌,중앙선 침범,승용차,승용차,5,2468
2019-10-16 14:00:00+09,1,0,0,0,0,강원,동해시,차대사람,횡단중,안전운전 의무 불이행,승용차,보행자,4,2469
2019-10-16 14:00:00+09,1,0,0,0,0,전북,임실군,차대차,측면충돌,안전운전 의무 불이행,원동기장치자전거,화물차,5,2470
2019-10-16 14:00:00+09,1,0,0,0,0,인천,미추홀구,차대사람,기타,안전운전 의무 불이행,화물차,보행자,3,2471
2019-10-16 18:00:00+09,1,0,0,0,0,전북,김제시,차대사람,차도통행중,안전운전 의무 불이행,승용차,보행자,1,2472
2019-10-16 18:00:00+09,1,0,0,0,0,경남,함안군,차대사람,횡단중,안전운전 의무 불이행,승용차,보행자,3,2473
2019-10-16 19:00:00+09,1,0,0,0,0,경기,안성시,차대사람,기타,안전운전 의무 불이행,승용차,보행자,5,2474
2019-10-16 19:00:00+09,1,0,0,0,0,충북,음성군,차대사람,횡단중,안전운전 의무 불이행,화물차,보행자,2,2475
2019-10-16 19:00:00+09,1,0,0,0,0,경남,거제시,차대차,추돌,안전운전 의무 불이행,승용차,농기계,5,2476
2019-10-16 20:00:00+09,1,0,0,0,0,경남,김해시,차대사람,기타,안전운전 의무 불이행,화물차,보행자,5,2477
2019-10-16 21:00:00+09,1,0,0,0,0,충북,충주시,차대사람,횡단중,과속,승용차,보행자,2,2478
2019-10-17 04:00:00+09,1,2,1,1,0,서울,양천구,차대차,추돌,안전운전 의무 불이행,승용차,건설기계,5,2479
2019-10-17 06:00:00+09,1,0,0,0,0,충남,청양군,차대차,측면충돌,중앙선 침범,농기계,승합차,5,2480
2019-10-17 07:00:00+09,1,0,0,0,0,경기,의왕시,차대차,기타,안전운전 의무 불이행,자전거,화물차,3,2481
2019-10-17 15:00:00+09,1,0,0,0,0,경기,여주시,차대차,측면충돌,안전운전 의무 불이행,화물차,이륜차,5,2482
2019-10-17 17:00:00+09,1,0,0,0,0,강원,원주시,차대차,정면충돌,중앙선 침범,이륜차,화물차,5,2483
2019-10-17 20:00:00+09,1,0,0,0,0,경북,영천시,차대사람,차도통행중,안전운전 의무 불이행,승용차,보행자,5,2484
2019-10-17 20:00:00+09,1,0,0,0,0,대전,동구,차대사람,횡단중,신호위반,승용차,보행자,3,2485
2019-10-18 02:00:00+09,1,0,0,0,0,대구,달서구,차량단독,공작물충돌,안전운전 의무 불이행,이륜차,없음,5,2486
2019-10-18 05:00:00+09,1,0,0,0,0,서울,동대문구,차대차,정면충돌,안전운전 의무 불이행,승용차,자전거,1,2487
2019-10-18 06:00:00+09,1,0,0,0,0,광주,서구,차대차,측면충돌,신호위반,자전거,승용차,1,2488
2019-10-18 08:00:00+09,1,9,0,9,0,제주,제주시,차대차,기타,신호위반,승용차,승합차,1,2489
2019-10-18 10:00:00+09,1,0,0,0,0,충남,서천군,차대사람,횡단중,보행자 보호의무 위반,화물차,보행자,5,2490
2019-10-18 11:00:00+09,1,0,0,0,0,충남,예산군,차대차,기타,안전운전 의무 불이행,화물차,원동기장치자전거,5,2491
2019-10-18 12:00:00+09,1,0,0,0,0,대구,달서구,차대차,측면충돌,안전운전 의무 불이행,승용차,승용차,4,2492
2019-10-18 16:00:00+09,1,0,0,0,0,충남,천안시,차량단독,전도,안전운전 의무 불이행,이륜차,없음,5,2493
2019-10-18 16:00:00+09,1,0,0,0,0,전북,부안군,차대차,측면충돌,기타,이륜차,승용차,1,2494
2019-10-18 18:00:00+09,1,0,0,0,0,충남,서천군,차량단독,도로이탈,안전운전 의무 불이행,농기계,없음,5,2495
2019-10-18 18:00:00+09,1,0,0,0,0,전남,구례군,차대사람,횡단중,보행자 보호의무 위반,승합차,보행자,5,2496
2019-10-18 23:00:00+09,1,0,0,0,0,경기,구리시,차량단독,전복,안전운전 의무 불이행,승용차,없음,4,2497
2019-10-19 05:00:00+09,1,0,0,0,0,강원,속초시,차대사람,횡단중,안전운전 의무 불이행,승용차,보행자,3,2498
2019-10-19 06:00:00+09,1,0,0,0,0,충북,단양군,차대차,추돌,안전운전 의무 불이행,화물차,화물차,5,2499
2019-10-19 11:00:00+09,1,0,0,0,0,경기,의정부시,차량단독,공작물충돌,안전운전 의무 불이행,이륜차,없음,1,2500
2019-10-19 15:00:00+09,1,4,0,4,0,경북,문경시,차대차,추돌,안전운전 의무 불이행,승용차,승용차,5,2501
2019-10-19 16:00:00+09,1,1,1,0,0,전북,무주군,차대차,측면충돌,과속,승용차,원동기장치자전거,1,2502
2019-10-19 17:00:00+09,1,0,0,0,0,경기,시흥시,차대차,측면충돌,신호위반,화물차,승용차,1,2503
2019-10-19 18:00:00+09,1,0,0,0,0,전북,익산시,차대사람,기타,안전운전 의무 불이행,화물차,보행자,5,2504
2019-10-19 19:00:00+09,1,0,0,0,0,부산,기장군,차대차,측면충돌,안전운전 의무 불이행,승용차,승용차,5,2505
2019-10-20 02:00:00+09,1,0,0,0,0,인천,미추홀구,차대사람,차도통행중,과속,이륜차,보행자,5,2507
2019-10-20 09:00:00+09,1,0,0,0,0,제주,서귀포시,차대차,측면충돌,안전거리 미확보,승용차,승용차,5,2508
2019-10-20 11:00:00+09,2,1,0,1,0,경기,평택시,차대차,측면충돌,신호위반,이륜차,승용차,1,2509
2019-10-20 14:00:00+09,1,0,0,0,0,충남,청양군,차량단독,도로이탈,안전운전 의무 불이행,승용차,없음,2,2510
2019-10-20 18:00:00+09,1,0,0,0,0,전북,남원시,차대사람,횡단중,과속,이륜차,보행자,1,2511
2019-10-20 21:00:00+09,1,0,0,0,0,전북,고창군,차량단독,기타,안전운전 의무 불이행,승용차,없음,5,2512
2019-10-21 02:00:00+09,1,0,0,0,0,충남,당진시,차량단독,공작물충돌,안전운전 의무 불이행,이륜차,없음,5,2513
2019-10-21 02:00:00+09,1,0,0,0,0,충남,천안시,차대차,기타,안전운전 의무 불이행,화물차,승용차,5,2514
2019-10-21 05:00:00+09,1,0,0,0,0,경남,양산시,차대사람,기타,안전운전 의무 불이행,승용차,보행자,2,2515
2019-10-21 05:00:00+09,1,0,0,0,0,제주,서귀포시,차대사람,기타,안전운전 의무 불이행,승용차,보행자,1,2516
2019-10-21 05:00:00+09,1,0,0,0,0,경기,의정부시,차대사람,횡단중,안전운전 의무 불이행,승용차,보행자,3,2517
2019-10-21 11:00:00+09,3,0,0,0,0,경북,상주시,차대사람,기타,안전운전 의무 불이행,화물차,보행자,5,2518
2019-10-21 14:00:00+09,1,0,0,0,0,전북,고창군,차대차,추돌,안전운전 의무 불이행,화물차,농기계,5,2519
2019-10-21 15:00:00+09,1,0,0,0,0,경북,상주시,차량단독,전도,안전운전 의무 불이행,건설기계,없음,5,2520
2019-10-21 16:00:00+09,2,0,0,0,0,충북,괴산군,차량단독,공작물충돌,과속,승용차,없음,1,2521
2019-10-21 17:00:00+09,1,0,0,0,0,서울,강남구,차량단독,공작물충돌,안전운전 의무 불이행,이륜차,없음,5,2522
2019-10-21 20:00:00+09,2,0,0,0,0,전북,부안군,차대차,측면충돌,기타,이륜차,승용차,1,2523
2019-10-21 20:00:00+09,4,2,2,0,0,경기,연천군,차대차,측면충돌,과속,승용차,승용차,1,2524
2019-10-21 21:00:00+09,1,0,0,0,0,경북,구미시,차대사람,횡단중,안전운전 의무 불이행,승용차,보행자,1,2525
2019-10-22 06:00:00+09,1,0,0,0,0,부산,남구,차대차,측면충돌,안전운전 의무 불이행,승용차,화물차,5,2526
2019-10-22 06:00:00+09,1,0,0,0,0,경기,안산시,차대사람,횡단중,신호위반,승용차,보행자,1,2527
2019-10-22 06:00:00+09,1,0,0,0,0,강원,춘천시,차대사람,횡단중,보행자 보호의무 위반,승용차,보행자,3,2528
2019-10-22 06:00:00+09,1,0,0,0,0,충북,음성군,차대사람,횡단중,안전운전 의무 불이행,승합차,보행자,6,2529
2019-10-22 08:00:00+09,1,0,0,0,0,충남,보령시,차대사람,횡단중,보행자 보호의무 위반,화물차,보행자,3,2530
2019-10-22 13:00:00+09,1,0,0,0,0,충남,예산군,차대차,측면충돌,기타,화물차,이륜차,1,2531
2019-10-22 15:00:00+09,1,1,0,1,0,울산,울주군,차량단독,공작물충돌,안전운전 의무 불이행,승용차,없음,1,2532
2019-10-22 18:00:00+09,1,1,1,0,0,강원,화천군,차대차,추돌,안전운전 의무 불이행,승용차,농기계,5,2533
2019-10-22 19:00:00+09,1,0,0,0,0,경기,양평군,차대차,정면충돌,교차로 통행방법 위반,승용차,이륜차,1,2534
2019-10-22 19:00:00+09,1,0,0,0,0,제주,서귀포시,차대사람,횡단중,안전운전 의무 불이행,승용차,보행자,5,2535
2019-10-22 19:00:00+09,1,0,0,0,0,울산,울주군,차대사람,기타,안전운전 의무 불이행,화물차,보행자,5,2536
2019-10-23 02:00:00+09,1,0,0,0,0,서울,강서구,차대사람,횡단중,과속,승용차,보행자,5,2537
2019-10-23 05:00:00+09,1,0,0,0,0,경기,성남시,차대사람,횡단중,과속,승용차,보행자,5,2538
2019-10-23 08:00:00+09,1,0,0,0,0,서울,노원구,차대차,추돌,안전운전 의무 불이행,화물차,화물차,8,2539
2019-10-23 10:00:00+09,1,0,0,0,0,울산,북구,차대차,측면충돌,신호위반,이륜차,화물차,1,2540
2019-10-23 12:00:00+09,1,0,0,0,0,경북,경주시,차대차,측면충돌,안전운전 의무 불이행,원동기장치자전거,화물차,1,2541
2019-10-23 14:00:00+09,1,0,0,0,0,전남,해남군,차대차,추돌,안전운전 의무 불이행,이륜차,화물차,5,2542
2019-10-23 18:00:00+09,1,2,0,1,1,경기,용인시,차대차,측면충돌,안전운전 의무 불이행,승용차,승용차,1,2543
2019-10-23 20:00:00+09,1,0,0,0,0,서울,성동구,차대사람,횡단중,안전운전 의무 불이행,승용차,보행자,5,2544
2019-10-23 23:00:00+09,1,1,1,0,0,서울,강북구,차대차,측면충돌,신호위반,이륜차,화물차,1,2545
2019-10-23 23:00:00+09,1,0,0,0,0,서울,송파구,차대사람,기타,안전운전 의무 불이행,승용차,보행자,5,2546
2019-10-24 00:00:00+09,1,0,0,0,0,서울,영등포구,차대사람,기타,과속,승용차,보행자,5,2547
2019-10-24 08:00:00+09,1,5,0,5,0,경기,용인시,차대차,추돌,안전운전 의무 불이행,화물차,화물차,5,2548
2019-10-24 10:00:00+09,1,0,0,0,0,전남,무안군,차대차,측면충돌,안전운전 의무 불이행,화물차,이륜차,5,2549
2019-10-24 13:00:00+09,1,1,1,0,0,전남,강진군,차대차,정면충돌,신호위반,이륜차,승용차,1,2550
2019-10-24 16:00:00+09,1,0,0,0,0,충남,아산시,차대차,기타,안전운전 의무 불이행,승용차,승용차,4,2551
2019-10-24 18:00:00+09,1,1,0,1,0,충남,아산시,차대차,추돌,안전운전 의무 불이행,화물차,농기계,5,2552
2019-10-24 18:00:00+09,1,0,0,0,0,충남,당진시,차대사람,기타,안전운전 의무 불이행,승용차,보행자,5,2553
2019-10-24 18:00:00+09,1,0,0,0,0,전북,군산시,차대차,추돌,안전운전 의무 불이행,승용차,자전거,5,2554
2019-10-24 19:00:00+09,1,0,0,0,0,충남,천안시,차대사람,횡단중,안전운전 의무 불이행,승합차,보행자,2,2555
2019-10-24 19:00:00+09,1,0,0,0,0,경남,진주시,차량단독,공작물충돌,안전운전 의무 불이행,이륜차,없음,5,2556
2019-10-24 19:00:00+09,1,0,0,0,0,경남,창녕군,차대차,추돌,안전운전 의무 불이행,화물차,자전거,5,2557
2019-10-25 00:00:00+09,1,0,0,0,0,경기,수원시,차대사람,기타,안전운전 의무 불이행,승용차,보행자,5,2558
2019-10-25 00:00:00+09,1,3,0,3,0,경북,영천시,차대차,추돌,안전운전 의무 불이행,화물차,화물차,5,2559
2019-10-25 00:00:00+09,1,1,0,1,0,광주,서구,차대사람,횡단중,과속,승용차,보행자,1,2560
2019-10-25 01:00:00+09,1,0,0,0,0,충북,청주시,차대차,기타,안전운전 의무 불이행,화물차,화물차,5,2561
2019-10-25 07:00:00+09,1,16,5,8,3,서울,송파구,차대차,측면충돌,신호위반,승합차,승용차,1,2562
2019-10-25 07:00:00+09,1,1,1,0,0,부산,사하구,차대사람,횡단중,신호위반,승용차,보행자,3,2563
2019-10-25 11:00:00+09,1,0,0,0,0,전북,김제시,차대사람,횡단중,안전운전 의무 불이행,승용차,보행자,2,2564
2019-10-25 11:00:00+09,1,0,0,0,0,경남,진주시,차대차,측면충돌,신호위반,건설기계,자전거,2,2565
2019-10-25 11:00:00+09,1,0,0,0,0,경남,고성군,차량단독,도로이탈,안전운전 의무 불이행,이륜차,없음,5,2566
2019-10-25 11:00:00+09,1,0,0,0,0,인천,남동구,차대사람,길가장자리구역통행중,안전운전 의무 불이행,화물차,보행자,2,2567
2019-10-25 12:00:00+09,1,0,0,0,0,충남,논산시,차대차,정면충돌,중앙선 침범,화물차,화물차,3,2568
2019-10-25 13:00:00+09,1,0,0,0,0,전남,여수시,차대사람,횡단중,안전운전 의무 불이행,승용차,보행자,1,2569
2019-10-25 14:00:00+09,1,0,0,0,0,경기,화성시,차대차,기타,안전운전 의무 불이행,건설기계,승용차,5,2570
2019-10-25 14:00:00+09,1,0,0,0,0,경기,부천시,차대차,측면충돌,신호위반,자전거,화물차,1,2571
2019-10-25 14:00:00+09,1,0,0,0,0,전남,화순군,차대사람,횡단중,안전운전 의무 불이행,화물차,보행자,1,2572
2019-10-25 15:00:00+09,1,8,1,7,0,경기,화성시,차대차,측면충돌,안전운전 의무 불이행,승용차,승합차,1,2573
2019-10-25 17:00:00+09,1,0,0,0,0,전남,해남군,차량단독,기타,안전운전 의무 불이행,사륜오토바이(ATV),없음,5,2574
2019-10-25 18:00:00+09,1,0,0,0,0,전북,정읍시,차대사람,횡단중,과속,승합차,보행자,5,2575
2019-10-25 18:00:00+09,1,0,0,0,0,전남,진도군,차대사람,횡단중,안전운전 의무 불이행,승용차,보행자,5,2576
2019-10-25 19:00:00+09,1,0,0,0,0,부산,사하구,차대사람,기타,안전운전 의무 불이행,승합차,보행자,6,2577
2019-10-25 19:00:00+09,1,0,0,0,0,경남,진주시,차대차,추돌,안전거리 미확보,화물차,농기계,5,2578
2019-10-25 20:00:00+09,1,2,1,1,0,충북,제천시,차대차,측면충돌,신호위반,승용차,특수차,1,2579
2019-10-25 23:00:00+09,1,0,0,0,0,경북,구미시,차대차,측면충돌,신호위반,이륜차,승합차,1,2580
2019-10-26 02:00:00+09,1,0,0,0,0,대전,서구,차대사람,기타,안전운전 의무 불이행,승용차,보행자,5,2581
2019-10-26 05:00:00+09,1,0,0,0,0,부산,부산진구,차대사람,횡단중,과속,승용차,보행자,5,2582
2019-10-26 07:00:00+09,1,0,0,0,0,서울,서대문구,차대사람,차도통행중,안전운전 의무 불이행,승합차,보행자,5,2583
2019-10-26 07:00:00+09,1,0,0,0,0,전남,여수시,차대차,측면충돌,기타,이륜차,승용차,5,2584
2019-10-26 11:00:00+09,1,1,1,0,0,전북,진안군,차량단독,공작물충돌,중앙선 침범,승용차,없음,5,2585
2019-10-26 12:00:00+09,1,0,0,0,0,전북,부안군,차량단독,공작물충돌,안전운전 의무 불이행,승용차,없음,1,2586
2019-10-26 12:00:00+09,2,1,0,1,0,경북,의성군,차대차,정면충돌,중앙선 침범,화물차,건설기계,5,2587
2019-10-26 15:00:00+09,1,0,0,0,0,인천,계양구,차대사람,횡단중,보행자 보호의무 위반,화물차,보행자,3,2588
2019-10-26 19:00:00+09,1,0,0,0,0,전남,광양시,차량단독,전도,안전운전 의무 불이행,이륜차,없음,5,2589
2019-10-26 23:00:00+09,1,3,1,2,0,경기,시흥시,차대차,정면충돌,안전운전 의무 불이행,승용차,화물차,5,2590
2019-10-27 02:00:00+09,1,0,0,0,0,충남,천안시,차대사람,기타,안전운전 의무 불이행,승용차,보행자,5,2591
2019-10-27 03:00:00+09,1,0,0,0,0,경기,성남시,차대사람,횡단중,안전운전 의무 불이행,승용차,보행자,1,2592
2019-10-27 07:00:00+09,1,1,0,1,0,전남,고흥군,차대차,추돌,안전운전 의무 불이행,화물차,농기계,5,2593
2019-10-27 07:00:00+09,1,0,0,0,0,경남,거제시,차대차,추돌,안전운전 의무 불이행,이륜차,승용차,5,2594
2019-10-27 09:00:00+09,1,0,0,0,0,전남,화순군,차대사람,기타,안전운전 의무 불이행,승용차,보행자,5,2595
2019-10-27 09:00:00+09,1,0,0,0,0,경북,군위군,차대차,측면충돌,안전운전 의무 불이행,이륜차,화물차,5,2596
2019-10-27 10:00:00+09,1,1,1,0,0,경기,하남시,차대차,추돌,안전운전 의무 불이행,승용차,승용차,5,2597
2019-10-27 10:00:00+09,1,0,0,0,0,전북,전주시,차대차,추돌,안전운전 의무 불이행,승합차,자전거,5,2598
2019-10-27 16:00:00+09,1,1,1,0,0,부산,기장군,차량단독,도로이탈,안전운전 의무 불이행,화물차,없음,5,2599
2019-10-27 21:00:00+09,1,2,2,0,0,경남,창원시,차대차,추돌,안전운전 의무 불이행,승용차,승용차,5,2600
2019-10-28 02:00:00+09,2,3,1,0,2,울산,북구,차량단독,기타,안전운전 의무 불이행,승용차,없음,5,2601
2019-10-28 03:00:00+09,2,4,3,1,0,강원,원주시,차량단독,공작물충돌,과속,승용차,없음,2,2602
2019-10-28 05:00:00+09,1,0,0,0,0,서울,강서구,차대사람,차도통행중,안전운전 의무 불이행,승용차,보행자,2,2603
2019-10-28 05:00:00+09,1,1,0,1,0,전북,익산시,차대차,정면충돌,중앙선 침범,승용차,화물차,5,2604
2019-10-28 08:00:00+09,1,0,0,0,0,경북,경산시,차대차,측면충돌,과속,승용차,자전거,6,2605
2019-10-28 09:00:00+09,1,1,0,1,0,경북,경산시,차대차,추돌,과속,승용차,화물차,5,2606
2019-10-28 09:00:00+09,1,0,0,0,0,인천,미추홀구,차대차,기타,안전운전 의무 불이행,건설기계,자전거,4,2607
2019-10-28 13:00:00+09,1,0,0,0,0,경기,수원시,차대사람,횡단중,보행자 보호의무 위반,건설기계,보행자,3,2608
2019-10-28 15:00:00+09,1,2,0,2,0,서울,강서구,차대차,측면충돌,과속,승용차,승용차,1,2609
2019-10-28 15:00:00+09,1,0,0,0,0,충북,단양군,차량단독,공작물충돌,안전운전 의무 불이행,농기계,없음,5,2610
2019-10-28 17:00:00+09,1,3,0,3,0,전남,곡성군,차대차,추돌,안전운전 의무 불이행,화물차,승용차,4,2611
2019-10-28 18:00:00+09,1,0,0,0,0,경남,양산시,차대사람,기타,안전운전 의무 불이행,화물차,보행자,5,2612
2019-10-28 23:00:00+09,1,1,0,0,1,경기,안양시,차대차,추돌,안전운전 의무 불이행,승용차,화물차,2,2613
2019-10-28 23:00:00+09,1,0,0,0,0,세종,세종시,차대사람,횡단중,신호위반,승용차,보행자,5,2614
2019-10-29 00:00:00+09,1,0,0,0,0,경기,안산시,차대사람,횡단중,신호위반,승용차,보행자,1,2615
2019-10-29 08:00:00+09,1,1,1,0,0,강원,양양군,차대차,측면충돌,기타,승용차,승용차,5,2616
2019-10-29 08:00:00+09,1,14,3,11,0,전남,해남군,차대차,기타,기타,승합차,농기계,5,2617
2019-10-29 10:00:00+09,1,0,0,0,0,전북,고창군,차대사람,보도통행중,안전운전 의무 불이행,화물차,보행자,4,2618
2019-10-29 10:00:00+09,1,0,0,0,0,경북,포항시,차량단독,공작물충돌,안전운전 의무 불이행,화물차,없음,5,2619
2019-10-29 11:00:00+09,1,0,0,0,0,경기,안양시,차대차,추돌,안전운전 의무 불이행,이륜차,화물차,4,2620
2019-10-29 12:00:00+09,1,0,0,0,0,강원,강릉시,차대차,측면충돌,안전운전 의무 불이행,화물차,특수차,5,2621
2019-10-29 17:00:00+09,1,0,0,0,0,경북,포항시,차대사람,횡단중,안전운전 의무 불이행,화물차,보행자,1,2622
2019-10-29 18:00:00+09,1,2,2,0,0,충남,태안군,차대차,추돌,안전운전 의무 불이행,승용차,화물차,5,2623
2019-10-29 19:00:00+09,1,0,0,0,0,경북,경주시,차대차,추돌,안전운전 의무 불이행,승용차,농기계,6,2624
2019-10-29 20:00:00+09,1,0,0,0,0,제주,제주시,차대사람,기타,안전운전 의무 불이행,승용차,보행자,2,2625
2019-10-29 21:00:00+09,1,0,0,0,0,전남,해남군,차량단독,기타,안전운전 의무 불이행,농기계,없음,5,2626
2019-10-29 22:00:00+09,1,0,0,0,0,충북,충주시,차대사람,기타,안전운전 의무 불이행,승용차,보행자,5,2627
2019-10-29 23:00:00+09,1,0,0,0,0,경기,안산시,차대사람,차도통행중,신호위반,승용차,보행자,2,2628
2019-10-29 23:00:00+09,1,0,0,0,0,충남,천안시,차대사람,기타,안전운전 의무 불이행,승용차,보행자,5,2629
2019-10-30 02:00:00+09,1,0,0,0,0,경남,함안군,차대차,추돌,안전운전 의무 불이행,승용차,특수차,5,2630
2019-10-30 09:00:00+09,1,0,0,0,0,서울,중랑구,차대사람,횡단중,안전운전 의무 불이행,승합차,보행자,1,2631