발생일시,사망자수,부상자수,중상자수,경상자수,부상신고자수,시도,시군구,사고유형_대분류,사고유형_중분류,가해자법규위반,가해자_당사자종별,피해자_당사자종별,도로형태id,사고id
2019-11-18 06:00:00+09,1,0,0,0,0,충남,천안시,차량단독,도로이탈,안전운전 의무 불이행,화물차,없음,5,2832
2019-11-18 08:00:00+09,1,0,0,0,0,경남,김해시,차대사람,횡단중,안전운전 의무 불이행,승용차,보행자,5,2833
2019-11-18 08:00:00+09,1,0,0,0,0,대구,달성군,차대사람,횡단중,과속,승용차,보행자,1,2834
2019-11-18 17:00:00+09,1,0,0,0,0,경북,포항시,차대사람,횡단중,보행자 보호의무 위반,승합차,보행자,5,2835
2019-11-18 17:00:00+09,1,2,1,1,0,경남,김해시,차대차,추돌,안전운전 의무 불이행,이륜차,승용차,5,2836
2019-11-18 18:00:00+09,1,0,0,0,0,충북,청주시,차대사람,횡단중,안전운전 의무 불이행,이륜차,보행자,1,2837
2019-11-18 19:00:00+09,1,0,0,0,0,광주,서구,차대사람,기타,과속,승합차,보행자,6,2838
2019-11-18 20:00:00+09,1,0,0,0,0,경북,칠곡군,차대차,측면충돌,안전운전 의무 불이행,승용차,자전거,5,2839
2019-11-19 06:00:00+09,1,0,0,0,0,전남,영암군,차량단독,공작물충돌,안전운전 의무 불이행,화물차,없음,5,2840
2019-11-19 08:00:00+09,1,1,1,0,0,경남,고성군,차대차,정면충돌,중앙선 침범,승합차,승합차,5,2841
2019-11-19 12:00:00+09,1,7,4,3,0,경남,창원시,차대차,추돌,안전운전 의무 불이행,특수차,화물차,5,2842
2019-11-19 18:00:00+09,1,0,0,0,0,전북,순창군,차량단독,도로이탈,안전운전 의무 불이행,원동기장치자전거,없음,5,2843
2019-11-19 20:00:00+09,1,0,0,0,0,경기,수원시,차대사람,횡단중,안전운전 의무 불이행,이륜차,보행자,4,2844
2019-11-19 22:00:00+09,2,1,1,0,0,대전,대덕구,차대사람,기타,중앙선 침범,화물차,보행자,4,2845
2019-11-20 00:00:00+09,1,0,0,0,0,대구,남구,차량단독,공작물충돌,안전운전 의무 불이행,승용차,없음,1,2846
2019-11-20 03:00:00+09,1,0,0,0,0,전남,광양시,차대사람,횡단중,안전운전 의무 불이행,승용차,보행자,5,2847
2019-11-20 09:00:00+09,1,0,0,0,0,전남,담양군,차대차,기타,안전운전 의무 불이행,승용차,화물차,5,2848
2019-11-20 09:00:00+09,1,0,0,0,0,경남,거창군,차대사람,횡단중,안전운전 의무 불이행,승용차,보행자,1,2849
2019-11-20 11:00:00+09,1,0,0,0,0,부산,영도구,차대사람,기타,안전운전 의무 불이행,건설기계,보행자,4,2850
2019-11-20 14:00:00+09,1,0,0,0,0,경남,김해시,차대사람,횡단중,안전운전 의무 불이행,화물차,보행자,2,2851
2019-11-20 17:00:00+09,1,0,0,0,0,경남,밀양시,차대사람,횡단중,안전운전 의무 불이행,승용차,보행자,5,2852
2019-11-21 00:00:00+09,1,1,0,1,0,서울,강남구,차대차,정면충돌,신호위반,이륜차,승용차,2,2853
2019-11-21 06:00:00+09,2,1,0,1,0,경기,광주시,차대차,측면충돌,안전운전 의무 불이행,승용차,화물차,5,2854
2019-11-21 06:00:00+09,1,0,0,0,0,충북,괴산군,차대사람,기타,안전운전 의무 불이행,승용차,보행자,5,2855
2019-11-21 07:00:00+09,1,0,0,0,0,서울,영등포구,차대사람,기타,신호위반,승용차,보행자,5,2856
2019-11-21 17:00:00+09,1,0,0,0,0,경기,의정부시,차대사람,횡단중,안전운전 의무 불이행,승용차,보행자,2,2857
2019-11-21 18:00:00+09,1,0,0,0,0,경남,진주시,차대차,정면충돌,중앙선 침범,화물차,이륜차,5,2858
2019-11-21 19:00:00+09,1,0,0,0,0,충북,음성군,차대사람,횡단중,과속,승용차,보행자,1,2859
2019-11-21 22:00:00+09,1,0,0,0,0,충남,아산시,차대차,기타,중앙선 침범,화물차,승용차,5,2860
2019-11-22 06:00:00+09,1,0,0,0,0,광주,북구,차대사람,횡단중,과속,승용차,보행자,1,2861
2019-11-22 07:00:00+09,1,1,0,1,0,전북,정읍시,차대차,추돌,안전운전 의무 불이행,화물차,화물차,2,2862
2019-11-22 09:00:00+09,1,0,0,0,0,부산,해운대구,차량단독,전도,안전운전 의무 불이행,이륜차,없음,5,2863
2019-11-22 11:00:00+09,1,0,0,0,0,경기,성남시,차대차,측면충돌,안전운전 의무 불이행,승용차,이륜차,1,2864
2019-11-22 13:00:00+09,1,0,0,0,0,강원,횡성군,차대차,기타,중앙선 침범,건설기계,자전거,5,2865
2019-11-22 13:00:00+09,1,0,0,0,0,전북,부안군,차대차,측면충돌,안전운전 의무 불이행,화물차,승합차,1,2866
2019-11-22 16:00:00+09,1,0,0,0,0,충남,예산군,차대사람,기타,중앙선 침범,승용차,보행자,5,2867
2019-11-22 16:00:00+09,1,0,0,0,0,경기,고양시,차대사람,기타,안전운전 의무 불이행,건설기계,보행자,5,2868
2019-11-22 17:00:00+09,1,0,0,0,0,경기,성남시,차대차,측면충돌,안전운전 의무 불이행,건설기계,자전거,5,2869
2019-11-22 19:00:00+09,1,0,0,0,0,강원,평창군,차대사람,횡단중,안전운전 의무 불이행,화물차,보행자,5,2870
2019-11-23 09:00:00+09,1,0,0,0,0,경기,양평군,차대차,측면충돌,안전운전 의무 불이행,승용차,이륜차,5,2871
2019-11-23 10:00:00+09,1,0,0,0,0,경기,평택시,차대차,추돌,안전운전 의무 불이행,화물차,화물차,5,2872
2019-11-23 14:00:00+09,1,2,1,1,0,전북,완주군,차대차,정면충돌,중앙선 침범,승용차,화물차,5,2873
2019-11-23 17:00:00+09,1,0,0,0,0,대전,서구,차대차,측면충돌,신호위반,승용차,이륜차,5,2874
2019-11-24 01:00:00+09,1,2,2,0,0,제주,제주시,차대차,정면충돌,중앙선 침범,승용차,승용차,5,2875
2019-11-24 05:00:00+09,1,0,0,0,0,경기,화성시,차대사람,횡단중,안전운전 의무 불이행,승용차,보행자,5,2876
2019-11-24 06:00:00+09,1,1,1,0,0,대전,동구,차대차,측면충돌,신호위반,승용차,승합차,1,2877
2019-11-24 12:00:00+09,1,1,1,0,0,충북,괴산군,차대차,정면충돌,중앙선 침범,승용차,승용차,5,2878
2019-11-24 16:00:00+09,4,0,0,0,0,충북,충주시,차량단독,도로이탈,안전운전 의무 불이행,승용차,없음,7,2879
2019-11-24 18:00:00+09,1,1,1,0,0,충남,태안군,차량단독,공작물충돌,안전운전 의무 불이행,승합차,없음,2,2880
2019-11-24 18:00:00+09,1,0,0,0,0,경북,포항시,차대사람,횡단중,안전운전 의무 불이행,승용차,보행자,5,2881
2019-11-24 19:00:00+09,1,0,0,0,0,충남,당진시,차대차,기타,안전운전 의무 불이행,화물차,승용차,5,2882
2019-11-25 01:00:00+09,1,0,0,0,0,서울,송파구,차량단독,공작물충돌,안전운전 의무 불이행,승용차,없음,7,2883
2019-11-25 04:00:00+09,1,0,0,0,0,부산,중구,차대사람,횡단중,안전운전 의무 불이행,승합차,보행자,2,2884
2019-11-25 06:00:00+09,1,0,0,0,0,광주,광산구,차대사람,횡단중,신호위반,승합차,보행자,3,2885
2019-11-25 07:00:00+09,1,1,0,1,0,경기,용인시,차대차,추돌,안전운전 의무 불이행,승용차,건설기계,5,2886
2019-11-25 08:00:00+09,1,2,1,1,0,강원,춘천시,차대차,측면충돌,안전운전 의무 불이행,승용차,화물차,1,2887
2019-11-25 10:00:00+09,2,1,1,0,0,부산,기장군,차대사람,보도통행중,과속,화물차,보행자,5,2888
2019-11-25 10:00:00+09,1,2,1,1,0,경북,군위군,차대차,정면충돌,중앙선 침범,화물차,화물차,5,2889
2019-11-25 11:00:00+09,1,0,0,0,0,대구,달성군,차량단독,전도,안전운전 의무 불이행,화물차,없음,5,2890
2019-11-25 17:00:00+09,1,3,1,2,0,경기,김포시,차대차,기타,중앙선 침범,승용차,승용차,4,2891
2019-11-25 17:00:00+09,1,0,0,0,0,전북,부안군,차대차,추돌,안전운전 의무 불이행,화물차,농기계,4,2892
2019-11-25 22:00:00+09,1,1,1,0,0,경북,청송군,차대차,정면충돌,중앙선 침범,승용차,승용차,6,2893
2019-11-26 01:00:00+09,1,2,2,0,0,전북,남원시,차대차,측면충돌,중앙선 침범,화물차,화물차,5,2894
2019-11-26 04:00:00+09,1,0,0,0,0,경북,포항시,차대사람,차도통행중,안전운전 의무 불이행,승용차,보행자,5,2895
2019-11-26 05:00:00+09,1,0,0,0,0,충남,예산군,차대사람,횡단중,보행자 보호의무 위반,승용차,보행자,2,2896
2019-11-26 08:00:00+09,1,0,0,0,0,경기,수원시,차대사람,기타,안전운전 의무 불이행,승합차,보행자,1,2897
2019-11-26 17:00:00+09,1,1,0,1,0,경기,연천군,차대차,추돌,안전거리 미확보,승용차,농기계,5,2898
2019-11-26 18:00:00+09,1,0,0,0,0,강원,영월군,차대사람,기타,안전운전 의무 불이행,화물차,보행자,5,2899
2019-11-26 18:00:00+09,1,1,0,1,0,강원,태백시,차대차,정면충돌,중앙선 침범,승용차,승용차,5,2900
2019-11-26 18:00:00+09,1,0,0,0,0,충남,논산시,차대사람,횡단중,안전운전 의무 불이행,화물차,보행자,4,2901
2019-11-26 22:00:00+09,1,0,0,0,0,부산,사상구,차량단독,기타,안전운전 의무 불이행,승용차,없음,1,2902
2019-11-26 22:00:00+09,1,0,0,0,0,제주,제주시,차대사람,차도통행중,과속,승용차,보행자,5,2903
2019-11-27 05:00:00+09,1,0,0,0,0,서울,서초구,차대차,추돌,안전운전 의무 불이행,이륜차,화물차,5,2904
2019-11-27 06:00:00+09,1,0,0,0,0,충남,홍성군,차대사람,차도통행중,안전운전 의무 불이행,승용차,보행자,4,2905
2019-11-27 10:00:00+09,1,0,0,0,0,경기,김포시,차대사람,횡단중,안전운전 의무 불이행,승합차,보행자,2,2906
2019-11-27 17:00:00+09,1,0,0,0,0,경북,문경시,차대사람,차도통행중,안전운전 의무 불이행,승용차,보행자,5,2907
2019-11-27 18:00:00+09,1,0,0,0,0,부산,사상구,차대사람,횡단중,안전운전 의무 불이행,승합차,보행자,1,2908
2019-11-28 03:00:00+09,1,0,0,0,0,대전,동구,차량단독,기타,안전운전 의무 불이행,이륜차,없음,5,2909
2019-11-28 06:00:00+09,1,1,0,1,0,경기,고양시,차대사람,횡단중,보행자 보호의무 위반,승용차,보행자,5,2910
2019-11-28 06:00:00+09,1,0,0,0,0,경기,연천군,차대사람,차도통행중,안전운전 의무 불이행,승용차,보행자,5,2911
2019-11-28 12:00:00+09,1,0,0,0,0,경남,의령군,차대차,측면충돌,신호위반,이륜차,화물차,1,2912
2019-11-28 15:00:00+09,1,0,0,0,0,충남,보령시,차량단독,공작물충돌,안전운전 의무 불이행,승용차,없음,5,2913
2019-11-28 16:00:00+09,1,0,0,0,0,경남,김해시,차량단독,공작물충돌,안전운전 의무 불이행,승용차,없음,5,2914
2019-11-28 17:00:00+09,1,0,0,0,0,경북,청송군,차대차,추돌,안전운전 의무 불이행,화물차,이륜차,6,2915
2019-11-28 17:00:00+09,1,0,0,0,0,경남,합천군,차대차,추돌,과속,승용차,농기계,5,2916
2019-11-28 18:00:00+09,1,0,0,0,0,경남,진주시,차대사람,횡단중,보행자 보호의무 위반,승용차,보행자,3,2917
2019-11-28 18:00:00+09,1,0,0,0,0,경남,합천군,차대차,기타,안전운전 의무 불이행,이륜차,농기계,5,2918
2019-11-29 05:00:00+09,1,0,0,0,0,경기,광주시,차대사람,기타,신호위반,화물차,보행자,1,2919
2019-11-29 10:00:00+09,1,1,1,0,0,전남,고흥군,차대차,정면충돌,중앙선 침범,화물차,이륜차,5,2920
2019-11-29 10:00:00+09,1,2,1,1,0,경기,양주시,차대차,정면충돌,중앙선 침범,화물차,화물차,1,2921
2019-11-29 11:00:00+09,1,0,0,0,0,충남,당진시,차대차,추돌,안전운전 의무 불이행,승용차,이륜차,5,2922
2019-11-29 13:00:00+09,1,2,2,0,0,경기,성남시,차대차,기타,중앙선 침범,승용차,승용차,5,2923
2019-11-29 14:00:00+09,1,1,1,0,0,충남,당진시,차대차,기타,기타,승용차,승용차,4,2924
2019-11-29 14:00:00+09,1,1,0,1,0,경북,상주시,차량단독,공작물충돌,안전운전 의무 불이행,화물차,없음,5,2925
2019-11-29 16:00:00+09,1,0,0,0,0,충남,당진시,차대차,측면충돌,안전운전 의무 불이행,승용차,농기계,5,2926
2019-11-29 20:00:00+09,1,0,0,0,0,인천,서구,차대사람,보도통행중,안전운전 의무 불이행,승용차,보행자,5,2927
2019-11-29 21:00:00+09,1,0,0,0,0,경기,안양시,차대사람,기타,안전운전 의무 불이행,승용차,보행자,5,2928
2019-11-30 05:00:00+09,1,0,0,0,0,대구,달서구,차대사람,횡단중,안전운전 의무 불이행,승용차,보행자,5,2929
2019-11-30 09:00:00+09,1,0,0,0,0,경기,가평군,차대차,측면충돌,안전운전 의무 불이행,자전거,승합차,2,2930
2019-11-30 16:00:00+09,1,0,0,0,0,경기,용인시,차량단독,전복,안전운전 의무 불이행,화물차,없음,1,2931
2019-11-30 19:00:00+09,1,5,2,3,0,경북,영주시,차대차,기타,안전운전 의무 불이행,승합차,화물차,5,2932
2019-11-30 21:00:00+09,1,0,0,0,0,경기,이천시,차대사람,기타,안전운전 의무 불이행,승용차,보행자,5,2933
2019-11-30 22:00:00+09,1,0,0,0,0,경북,구미시,차대사람,횡단중,안전운전 의무 불이행,승용차,보행자,5,2934
2019-11-30 23:00:00+09,1,0,0,0,0,경기,남양주시,차대사람,기타,안전운전 의무 불이행,승용차,보행자,5,2935
2019-12-01 00:00:00+09,1,1,0,1,0,서울,강동구,차대차,기타,중앙선 침범,이륜차,승용차,5,2936
2019-12-01 00:00:00+09,1,0,0,0,0,경기,시흥시,차대차,추돌,안전운전 의무 불이행,승용차,화물차,5,2937
2019-12-01 02:00:00+09,1,0,0,0,0,경남,합천군,차량단독,공작물충돌,안전운전 의무 불이행,승용차,없음,4,2938
2019-12-01 05:00:00+09,1,0,0,0,0,서울,마포구,차대사람,차도통행중,과속,승용차,보행자,5,2939
2019-12-01 18:00:00+09,1,0,0,0,0,부산,기장군,차대사람,횡단중,안전운전 의무 불이행,화물차,보행자,5,2940
2019-12-01 19:00:00+09,1,3,0,3,0,광주,동구,차대사람,차도통행중,안전운전 의무 불이행,화물차,보행자,5,2941
2019-12-01 20:00:00+09,1,0,0,0,0,대전,동구,차대사람,횡단중,안전운전 의무 불이행,승용차,보행자,5,2942
2019-12-01 21:00:00+09,1,0,0,0,0,경기,연천군,차대사람,기타,안전운전 의무 불이행,승용차,보행자,5,2943
2019-12-01 22:00:00+09,1,0,0,0,0,강원,춘천시,차대사람,횡단중,안전운전 의무 불이행,화물차,보행자,2,2944
2019-12-01 22:00:00+09,1,0,0,0,0,충남,천안시,차대사람,기타,안전운전 의무 불이행,승용차,보행자,1,2945
2019-12-02 11:00:00+09,1,0,0,0,0,경남,거창군,차대차,추돌,안전거리 미확보,이륜차,화물차,1,2946
2019-12-02 14:00:00+09,2,0,0,0,0,강원,춘천시,차대사람,기타,안전운전 의무 불이행,승용차,보행자,5,2947
2019-12-02 17:00:00+09,1,0,0,0,0,경기,광명시,차대사람,기타,안전운전 의무 불이행,화물차,보행자,5,2948
2019-12-02 17:00:00+09,1,0,0,0,0,충남,서천군,차대사람,기타,과속,승용차,보행자,5,2949
2019-12-02 17:00:00+09,1,0,0,0,0,광주,남구,차대사람,기타,안전운전 의무 불이행,승합차,보행자,5,2950
2019-12-02 22:00:00+09,1,0,0,0,0,경기,부천시,차량단독,기타,안전운전 의무 불이행,승합차,없음,5,2951
2019-12-03 02:00:00+09,1,0,0,0,0,경기,성남시,차량단독,기타,안전운전 의무 불이행,원동기장치자전거,없음,4,2952
2019-12-03 02:00:00+09,2,2,0,2,0,경기,안산시,차대차,추돌,안전운전 의무 불이행,화물차,특수차,5,2953
2019-12-03 04:00:00+09,1,0,0,0,0,경기,평택시,차대사람,보도통행중,보행자 보호의무 위반,승용차,보행자,5,2954
2019-12-03 05:00:00+09,1,0,0,0,0,경남,김해시,차대사람,횡단중,안전운전 의무 불이행,화물차,보행자,5,2955
2019-12-03 06:00:00+09,1,0,0,0,0,충남,서천군,차대사람,횡단중,보행자 보호의무 위반,화물차,보행자,1,2956
2019-12-03 08:00:00+09,1,0,0,0,0,경남,창원시,차대차,측면충돌,안전운전 의무 불이행,승용차,승용차,6,2957
2019-12-03 15:00:00+09,1,0,0,0,0,서울,동대문구,차대차,측면충돌,중앙선 침범,승용차,이륜차,5,2958
2019-12-03 17:00:00+09,1,0,0,0,0,전북,김제시,차대사람,횡단중,신호위반,화물차,보행자,1,2959
2019-12-03 20:00:00+09,1,0,0,0,0,경기,파주시,차대사람,차도통행중,안전운전 의무 불이행,승합차,보행자,1,2960
2019-12-03 21:00:00+09,1,0,0,0,0,서울,관악구,차대사람,차도통행중,안전운전 의무 불이행,승용차,보행자,5,2961
2019-12-03 22:00:00+09,1,0,0,0,0,충북,진천군,차대사람,기타,안전운전 의무 불이행,승용차,보행자,7,2962
2019-12-03 23:00:00+09,1,0,0,0,0,서울,성동구,차대사람,기타,안전운전 의무 불이행,승용차,보행자,5,2963
2019-12-04 05:00:00+09,1,0,0,0,0,전북,정읍시,차대사람,횡단중,과속,승용차,보행자,5,2964
2019-12-04 06:00:00+09,1,0,0,0,0,경기,시흥시,차대사람,횡단중,신호위반,화물차,보행자,1,2965
2019-12-04 07:00:00+09,1,24,2,22,0,충북,음성군,차대차,정면충돌,중앙선 침범,승합차,승용차,5,2966
2019-12-04 08:00:00+09,2,4,1,3,0,경기,화성시,차대차,추돌,안전운전 의무 불이행,특수차,화물차,7,2967
2019-12-04 10:00:00+09,1,0,0,0,0,경남,창원시,차대사람,차도통행중,안전운전 의무 불이행,화물차,보행자,1,2968
2019-12-04 11:00:00+09,1,0,0,0,0,경남,합천군,차량단독,전도,안전운전 의무 불이행,농기계,없음,4,2969
2019-12-04 12:00:00+09,1,0,0,0,0,서울,강서구,차대차,기타,신호위반,승합차,원동기장치자전거,1,2970
2019-12-04 16:00:00+09,1,2,2,0,0,충남,당진시,차대차,기타,중앙선 침범,승용차,승용차,5,2971
2019-12-04 17:00:00+09,1,0,0,0,0,전북,정읍시,차대사람,횡단중,안전운전 의무 불이행,화물차,보행자,5,2972
2019-12-04 17:00:00+09,1,0,0,0,0,경북,김천시,차대사람,횡단중,안전운전 의무 불이행,승용차,보행자,1,2973
2019-12-04 18:00:00+09,1,2,0,2,0,경북,영천시,차대차,기타,안전운전 의무 불이행,화물차,화물차,5,2974
2019-12-04 19:00:00+09,1,3,0,1,2,경기,평택시,차대사람,기타,기타,승합차,보행자,1,2975
2019-12-04 20:00:00+09,1,0,0,0,0,경기,성남시,차량단독,기타,기타,승합차,없음,5,2976
2019-12-04 20:00:00+09,1,0,0,0,0,전남,나주시,차대사람,횡단중,안전운전 의무 불이행,승합차,보행자,1,2977
2019-12-04 23:00:00+09,1,0,0,0,0,전남,순천시,차대사람,횡단중,안전운전 의무 불이행,승용차,보행자,2,2978
2019-12-05 04:00:00+09,1,4,4,0,0,전남,화순군,차대차,정면충돌,중앙선 침범,승용차,승용차,5,2979
2019-12-05 04:00:00+09,1,0,0,0,0,전남,무안군,차대사람,기타,안전운전 의무 불이행,승합차,보행자,3,2980
2019-12-05 06:00:00+09,1,0,0,0,0,경기,용인시,차대사람,횡단중,과속,화물차,보행자,1,2981
2019-12-05 07:00:00+09,1,0,0,0,0,전남,목포시,차대사람,횡단중,안전운전 의무 불이행,승용차,보행자,5,2982
2019-12-05 10:00:00+09,1,0,0,0,0,전남,화순군,차량단독,기타,안전운전 의무 불이행,이륜차,없음,7,2983
2019-12-05 11:00:00+09,1,0,0,0,0,인천,부평구,차대사람,횡단중,안전운전 의무 불이행,건설기계,보행자,5,2984
2019-12-05 11:00:00+09,1,1,0,1,0,경기,남양주시,차대차,정면충돌,안전운전 의무 불이행,화물차,화물차,1,2985
2019-12-05 12:00:00+09,1,1,1,0,0,경기,수원시,차대차,측면충돌,안전운전 의무 불이행,승용차,이륜차,5,2986
2019-12-05 18:00:00+09,1,0,0,0,0,전북,장수군,차대사람,횡단중,과속,승용차,보행자,1,2987
2019-12-05 18:00:00+09,1,0,0,0,0,인천,연수구,차량단독,공작물충돌,안전운전 의무 불이행,이륜차,없음,5,2988
2019-12-05 19:00:00+09,1,0,0,0,0,대전,대덕구,차대사람,횡단중,신호위반,승용차,보행자,3,2989
2019-12-05 21:00:00+09,1,0,0,0,0,경기,의왕시,차대사람,차도통행중,안전운전 의무 불이행,승용차,보행자,5,2990
2019-12-06 00:00:00+09,1,0,0,0,0,경기,평택시,차대차,정면충돌,안전운전 의무 불이행,승용차,화물차,5,2991
2019-12-06 00:00:00+09,1,0,0,0,0,강원,원주시,차량단독,공작물충돌,안전운전 의무 불이행,승용차,없음,5,2992
2019-12-06 07:00:00+09,1,0,0,0,0,강원,철원군,차대사람,횡단중,안전운전 의무 불이행,승용차,보행자,1,2993
2019-12-06 11:00:00+09,1,0,0,0,0,경남,거창군,차대차,추돌,안전운전 의무 불이행,이륜차,화물차,5,2994
2019-12-06 19:00:00+09,1,0,0,0,0,경남,밀양시,차대차,기타,신호위반,화물차,화물차,1,2995
2019-12-07 06:00:00+09,1,0,0,0,0,전남,곡성군,차대사람,횡단중,안전운전 의무 불이행,건설기계,보행자,5,2996
2019-12-07 08:00:00+09,1,0,0,0,0,경북,의성군,차대차,추돌,안전운전 의무 불이행,건설기계,자전거,1,2997
2019-12-07 11:00:00+09,1,1,0,1,0,전남,나주시,차대사람,보도통행중,안전운전 의무 불이행,이륜차,보행자,1,2998
2019-12-07 14:00:00+09,1,0,0,0,0,경남,거창군,차대차,측면충돌,안전운전 의무 불이행,화물차,이륜차,5,2999
2019-12-07 18:00:00+09,1,0,0,0,0,서울,노원구,차대차,추돌,신호위반,승용차,이륜차,1,3000
2019-12-07 18:00:00+09,1,0,0,0,0,충북,증평군,차대사람,길가장자리구역통행중,안전운전 의무 불이행,승합차,보행자,5,3001
2019-12-07 22:00:00+09,1,0,0,0,0,전북,고창군,차량단독,공작물충돌,안전운전 의무 불이행,화물차,없음,5,3002
2019-12-07 22:00:00+09,1,0,0,0,0,경남,사천시,차대사람,차도통행중,안전운전 의무 불이행,승용차,보행자,5,3003
2019-12-08 00:00:00+09,1,0,0,0,0,충남,홍성군,차량단독,공작물충돌,안전운전 의무 불이행,화물차,없음,5,3004
2019-12-08 03:00:00+09,1,0,0,0,0,서울,서대문구,차량단독,전도,안전운전 의무 불이행,이륜차,없음,5,3005
2019-12-08 03:00:00+09,1,1,0,1,0,경기,용인시,차대차,추돌,안전운전 의무 불이행,승용차,화물차,5,3006
2019-12-08 09:00:00+09,1,1,1,0,0,경남,창원시,차대사람,횡단중,안전운전 의무 불이행,승합차,보행자,5,3007
2019-12-08 11:00:00+09,1,0,0,0,0,충남,예산군,차량단독,공작물충돌,안전운전 의무 불이행,승용차,없음,7,3008
2019-12-08 12:00:00+09,1,0,0,0,0,충남,아산시,차대사람,횡단중,안전운전 의무 불이행,승용차,보행자,3,3009
2019-12-08 13:00:00+09,1,0,0,0,0,충남,홍성군,차량단독,전복,안전운전 의무 불이행,농기계,없음,2,3010
2019-12-08 15:00:00+09,1,7,3,4,0,부산,북구,차대차,추돌,안전운전 의무 불이행,승용차,화물차,1,3011
2019-12-08 15:00:00+09,1,0,0,0,0,충남,당진시,차량단독,공작물충돌,안전운전 의무 불이행,화물차,없음,5,3012
2019-12-08 15:00:00+09,1,1,0,0,1,경북,영천시,차량단독,전복,안전운전 의무 불이행,농기계,없음,5,3013
2019-12-08 18:00:00+09,1,0,0,0,0,경북,경주시,차대차,측면충돌,신호위반,이륜차,승용차,1,3014
2019-12-08 18:00:00+09,1,0,0,0,0,경남,밀양시,차대사람,길가장자리구역통행중,안전운전 의무 불이행,승용차,보행자,5,3015
2019-12-09 03:00:00+09,1,0,0,0,0,서울,마포구,차대차,측면충돌,신호위반,화물차,이륜차,5,3016
2019-12-09 12:00:00+09,1,1,0,1,0,충남,아산시,차대차,정면충돌,중앙선 침범,이륜차,승합차,5,3017
2019-12-09 17:00:00+09,1,0,0,0,0,경북,구미시,차대차,기타,안전운전 의무 불이행,화물차,농기계,5,3018
2019-12-09 20:00:00+09,1,0,0,0,0,대전,동구,차대사람,기타,안전운전 의무 불이행,승용차,보행자,3,3019
2019-12-09 21:00:00+09,1,3,0,0,3,대구,수성구,차대차,추돌,안전운전 의무 불이행,승용차,승용차,1,3020
2019-12-09 23:00:00+09,1,0,0,0,0,경남,양산시,차대사람,횡단중,과속,승용차,보행자,2,3021
2019-12-10 00:00:00+09,1,0,0,0,0,경북,안동시,차량단독,공작물충돌,안전운전 의무 불이행,승용차,없음,5,3022
2019-12-10 02:00:00+09,1,0,0,0,0,충남,서산시,차대차,측면충돌,교차로 통행방법 위반,화물차,승용차,1,3023
2019-12-10 05:00:00+09,1,1,1,0,0,대구,북구,차대차,추돌,안전운전 의무 불이행,화물차,화물차,5,3024
2019-12-10 07:00:00+09,1,0,0,0,0,서울,성북구,차대사람,차도통행중,안전운전 의무 불이행,화물차,보행자,2,3025
2019-12-10 12:00:00+09,1,1,1,0,0,경북,안동시,차대차,정면충돌,중앙선 침범,특수차,화물차,5,3026
2019-12-10 13:00:00+09,1,0,0,0,0,경남,창원시,차대사람,차도통행중,과속,화물차,보행자,5,3027
2019-12-10 14:00:00+09,1,1,1,0,0,충남,예산군,차대차,측면충돌,기타,승용차,이륜차,1,3028
2019-12-10 14:00:00+09,1,1,0,1,0,대전,동구,차대차,측면충돌,안전운전 의무 불이행,승용차,승용차,5,3029
2019-12-10 15:00:00+09,1,0,0,0,0,경기,수원시,차대차,측면충돌,안전운전 의무 불이행,개인형이동수단(PM),승용차,2,3030
2019-12-10 16:00:00+09,1,0,0,0,0,강원,원주시,차대차,정면충돌,중앙선 침범,승용차,화물차,5,3031
2019-12-10 16:00:00+09,1,0,0,0,0,전남,보성군,차대사람,보도통행중,중앙선 침범,승합차,보행자,5,3032
2019-12-10 17:00:00+09,1,1,0,1,0,경기,부천시,차대차,추돌,안전운전 의무 불이행,승용차,승용차,1,3033