발생일시,사망자수,부상자수,중상자수,경상자수,부상신고자수,시도,시군구,사고유형_대분류,사고유형_중분류,가해자법규위반,가해자_당사자종별,피해자_당사자종별,도로형태id,사고id
2019-12-10 17:00:00+09,1,0,0,0,0,강원,삼척시,차대사람,길가장자리구역통행중,안전운전 의무 불이행,화물차,보행자,5,3034
2019-12-10 17:00:00+09,1,0,0,0,0,전북,익산시,차대사람,기타,안전운전 의무 불이행,이륜차,보행자,5,3035
2019-12-10 18:00:00+09,1,1,1,0,0,경기,화성시,차대차,기타,중앙선 침범,화물차,화물차,5,3036
2019-12-10 19:00:00+09,1,0,0,0,0,대구,달서구,차대사람,횡단중,안전운전 의무 불이행,승용차,보행자,5,3037
2019-12-10 20:00:00+09,1,0,0,0,0,경북,안동시,차대차,추돌,안전운전 의무 불이행,화물차,화물차,5,3038
2019-12-10 21:00:00+09,1,0,0,0,0,부산,강서구,차대사람,기타,안전운전 의무 불이행,화물차,보행자,1,3039
2019-12-11 04:00:00+09,1,1,1,0,0,전남,나주시,차대차,추돌,안전운전 의무 불이행,화물차,승용차,5,3040
2019-12-11 10:00:00+09,1,0,0,0,0,충남,홍성군,차량단독,기타,안전운전 의무 불이행,사륜오토바이(ATV),없음,5,3041
2019-12-11 15:00:00+09,1,0,0,0,0,경북,영양군,차대사람,길가장자리구역통행중,안전운전 의무 불이행,화물차,보행자,5,3042
2019-12-11 16:00:00+09,1,0,0,0,0,경기,안양시,차대사람,기타,안전운전 의무 불이행,승용차,보행자,5,3043
2019-12-11 17:00:00+09,1,0,0,0,0,전북,정읍시,차대차,추돌,안전운전 의무 불이행,승용차,이륜차,5,3044
2019-12-11 18:00:00+09,1,0,0,0,0,전남,순천시,차대사람,기타,안전운전 의무 불이행,승용차,보행자,5,3045
2019-12-11 23:00:00+09,1,2,0,2,0,충남,당진시,차량단독,전복,안전운전 의무 불이행,화물차,없음,1,3046
2019-12-12 03:00:00+09,1,2,1,1,0,대구,서구,차대차,측면충돌,과속,승용차,승용차,2,3047
2019-12-12 04:00:00+09,1,0,0,0,0,서울,용산구,차량단독,공작물충돌,안전운전 의무 불이행,화물차,없음,5,3048
2019-12-12 07:00:00+09,1,0,0,0,0,서울,양천구,차대사람,기타,과속,승용차,보행자,8,3049
2019-12-12 09:00:00+09,1,0,0,0,0,경북,영천시,차대사람,횡단중,안전운전 의무 불이행,승합차,보행자,5,3050
2019-12-12 11:00:00+09,1,0,0,0,0,경기,화성시,차대차,측면충돌,신호위반,이륜차,승용차,1,3051
2019-12-12 12:00:00+09,1,1,0,1,0,경북,상주시,차대차,측면충돌,안전운전 의무 불이행,화물차,화물차,1,3052
2019-12-12 12:00:00+09,1,0,0,0,0,경북,구미시,차대사람,차도통행중,안전운전 의무 불이행,특수차,보행자,5,3053
2019-12-12 13:00:00+09,1,0,0,0,0,전남,무안군,차량단독,전도,안전운전 의무 불이행,사륜오토바이(ATV),없음,5,3054
2019-12-12 14:00:00+09,1,0,0,0,0,충북,청주시,차대사람,횡단중,안전운전 의무 불이행,승용차,보행자,1,3055
2019-12-12 14:00:00+09,1,1,0,1,0,전남,순천시,차대차,추돌,안전운전 의무 불이행,화물차,특수차,5,3056
2019-12-12 17:00:00+09,2,7,1,6,0,경기,남양주시,차대차,추돌,안전운전 의무 불이행,승용차,승합차,5,3057
2019-12-12 18:00:00+09,1,0,0,0,0,충북,청주시,차대사람,기타,보행자 보호의무 위반,승합차,보행자,3,3058
2019-12-12 18:00:00+09,1,0,0,0,0,충남,홍성군,차대사람,길가장자리구역통행중,안전운전 의무 불이행,화물차,보행자,5,3059
2019-12-12 18:00:00+09,1,3,1,1,1,대구,달성군,차대차,추돌,안전운전 의무 불이행,화물차,화물차,5,3060
2019-12-12 18:00:00+09,1,0,0,0,0,경남,사천시,차대사람,횡단중,안전운전 의무 불이행,화물차,보행자,3,3061
2019-12-12 20:00:00+09,1,0,0,0,0,경남,창원시,차대사람,횡단중,안전운전 의무 불이행,승용차,보행자,5,3062
2019-12-12 21:00:00+09,1,0,0,0,0,서울,서초구,차대사람,기타,안전운전 의무 불이행,화물차,보행자,5,3063
2019-12-13 03:00:00+09,1,0,0,0,0,경기,시흥시,차량단독,기타,안전운전 의무 불이행,이륜차,없음,5,3064
2019-12-13 05:00:00+09,1,0,0,0,0,충북,청주시,차대차,추돌,안전거리 미확보,화물차,화물차,5,3065
2019-12-13 06:00:00+09,1,0,0,0,0,전남,진도군,차대차,추돌,안전운전 의무 불이행,승용차,농기계,4,3066
2019-12-13 10:00:00+09,1,0,0,0,0,경남,사천시,차량단독,공작물충돌,안전운전 의무 불이행,사륜오토바이(ATV),없음,5,3067
2019-12-13 15:00:00+09,2,0,0,0,0,경북,성주군,차대차,측면충돌,안전운전 의무 불이행,화물차,이륜차,1,3068
2019-12-13 17:00:00+09,1,0,0,0,0,강원,춘천시,차대사람,횡단중,안전운전 의무 불이행,화물차,보행자,5,3069
2019-12-13 17:00:00+09,1,1,0,1,0,경북,포항시,차대차,정면충돌,신호위반,이륜차,승용차,1,3070
2019-12-13 22:00:00+09,1,0,0,0,0,울산,북구,차대사람,차도통행중,과속,승용차,보행자,5,3071
2019-12-14 04:00:00+09,1,1,1,0,0,경북,경주시,차대차,정면충돌,중앙선 침범,승용차,화물차,6,3072
2019-12-14 04:00:00+09,6,25,13,12,0,경북,군위군,차대차,기타,안전운전 의무 불이행,승용차,승용차,5,3073
2019-12-14 04:00:00+09,1,16,11,5,0,경북,군위군,차대차,추돌,안전운전 의무 불이행,화물차,특수차,7,3074
2019-12-14 08:00:00+09,1,2,0,2,0,경남,함안군,차대차,정면충돌,중앙선 침범,승용차,화물차,5,3075
2019-12-14 09:00:00+09,1,0,0,0,0,경북,안동시,차량단독,공작물충돌,안전운전 의무 불이행,화물차,없음,5,3076
2019-12-14 11:00:00+09,1,0,0,0,0,서울,성동구,차량단독,전도,안전운전 의무 불이행,이륜차,없음,5,3077
2019-12-14 11:00:00+09,1,0,0,0,0,경기,부천시,차대사람,차도통행중,안전운전 의무 불이행,이륜차,보행자,5,3078
2019-12-14 11:00:00+09,1,0,0,0,0,대구,달서구,차대사람,차도통행중,기타,화물차,보행자,5,3079
2019-12-14 12:00:00+09,1,0,0,0,0,서울,성북구,차량단독,기타,안전운전 의무 불이행,사륜오토바이(ATV),없음,5,3080
2019-12-14 17:00:00+09,2,0,0,0,0,전남,목포시,차대사람,기타,안전운전 의무 불이행,승용차,보행자,5,3081
2019-12-14 18:00:00+09,1,0,0,0,0,경기,의정부시,차대사람,횡단중,안전운전 의무 불이행,승합차,보행자,5,3082
2019-12-14 19:00:00+09,1,0,0,0,0,경기,부천시,차대사람,기타,안전운전 의무 불이행,승용차,보행자,5,3083
2019-12-14 22:00:00+09,1,0,0,0,0,인천,강화군,차량단독,공작물충돌,안전운전 의무 불이행,화물차,없음,1,3084
2019-12-15 01:00:00+09,1,0,0,0,0,울산,남구,차량단독,공작물충돌,안전운전 의무 불이행,이륜차,없음,6,3085
2019-12-15 05:00:00+09,1,0,0,0,0,경남,창원시,차대차,기타,안전운전 의무 불이행,승용차,승용차,1,3086
2019-12-15 05:00:00+09,1,0,0,0,0,경기,포천시,차량단독,공작물충돌,안전운전 의무 불이행,승용차,없음,5,3087
2019-12-15 14:00:00+09,1,0,0,0,0,인천,강화군,차대차,추돌,안전운전 의무 불이행,이륜차,승용차,5,3088
2019-12-15 18:00:00+09,1,3,0,3,0,경기,고양시,차대차,추돌,안전운전 의무 불이행,승용차,승용차,5,3089
2019-12-15 22:00:00+09,1,0,0,0,0,경기,부천시,차대사람,기타,안전운전 의무 불이행,승합차,보행자,5,3090
2019-12-16 03:00:00+09,1,0,0,0,0,전북,익산시,차대사람,횡단중,안전운전 의무 불이행,화물차,보행자,5,3091
2019-12-16 05:00:00+09,1,0,0,0,0,전남,여수시,차대사람,기타,안전운전 의무 불이행,승용차,보행자,1,3092
2019-12-16 06:00:00+09,1,1,0,1,0,충북,청주시,차대차,추돌,안전운전 의무 불이행,승용차,건설기계,5,3093
2019-12-16 07:00:00+09,1,1,1,0,0,경기,오산시,차대차,기타,안전운전 의무 불이행,화물차,화물차,5,3094
2019-12-16 07:00:00+09,1,0,0,0,0,전북,남원시,차대사람,횡단중,안전운전 의무 불이행,승용차,보행자,5,3095
2019-12-16 10:00:00+09,1,0,0,0,0,전북,전주시,차대차,측면충돌,신호위반,이륜차,화물차,1,3096
2019-12-16 11:00:00+09,1,0,0,0,0,울산,울주군,차량단독,기타,안전운전 의무 불이행,농기계,없음,4,3097
2019-12-16 12:00:00+09,1,0,0,0,0,서울,강서구,차대차,기타,신호위반,이륜차,승합차,2,3098
2019-12-16 18:00:00+09,1,0,0,0,0,경기,김포시,차대사람,횡단중,안전운전 의무 불이행,화물차,보행자,5,3099
2019-12-16 20:00:00+09,1,0,0,0,0,서울,관악구,차대차,측면충돌,신호위반,이륜차,이륜차,1,3100
2019-12-16 21:00:00+09,1,0,0,0,0,경남,양산시,차대차,측면충돌,안전운전 의무 불이행,승용차,이륜차,1,3101
2019-12-16 22:00:00+09,1,0,0,0,0,부산,부산진구,차대사람,횡단중,안전운전 의무 불이행,승용차,보행자,3,3102
2019-12-16 23:00:00+09,1,0,0,0,0,경기,수원시,차대차,추돌,안전운전 의무 불이행,화물차,화물차,5,3103
2019-12-17 02:00:00+09,1,0,0,0,0,서울,관악구,차대차,측면충돌,중앙선 침범,자전거,승용차,5,3104
2019-12-17 03:00:00+09,1,0,0,0,0,경기,남양주시,차량단독,공작물충돌,안전운전 의무 불이행,승용차,없음,8,3105
2019-12-17 05:00:00+09,1,0,0,0,0,경기,안산시,차대차,측면충돌,신호위반,자전거,승용차,1,3106
2019-12-17 07:00:00+09,1,0,0,0,0,경기,용인시,차대사람,횡단중,안전운전 의무 불이행,승용차,보행자,3,3107
2019-12-17 18:00:00+09,1,0,0,0,0,충북,청주시,차대사람,횡단중,안전운전 의무 불이행,승용차,보행자,5,3108
2019-12-17 18:00:00+09,1,0,0,0,0,경남,밀양시,차대사람,길가장자리구역통행중,안전운전 의무 불이행,화물차,보행자,5,3109
2019-12-17 21:00:00+09,1,0,0,0,0,충남,천안시,차대차,추돌,안전운전 의무 불이행,승용차,이륜차,5,3110
2019-12-17 22:00:00+09,1,0,0,0,0,부산,서구,차대사람,차도통행중,안전운전 의무 불이행,승용차,보행자,5,3111
2019-12-18 02:00:00+09,1,0,0,0,0,부산,동래구,차대차,기타,안전운전 의무 불이행,이륜차,화물차,5,3112
2019-12-18 05:00:00+09,1,0,0,0,0,강원,강릉시,차대차,측면충돌,안전운전 의무 불이행,원동기장치자전거,화물차,1,3113
2019-12-18 14:00:00+09,1,0,0,0,0,경기,수원시,차대차,추돌,안전운전 의무 불이행,이륜차,승용차,1,3114
2019-12-18 14:00:00+09,1,2,0,0,2,경기,이천시,차대차,추돌,안전운전 의무 불이행,화물차,화물차,5,3115
2019-12-18 16:00:00+09,1,1,0,1,0,경기,평택시,차대차,정면충돌,중앙선 침범,화물차,화물차,5,3116
2019-12-18 16:00:00+09,1,1,1,0,0,경남,하동군,차대차,측면충돌,중앙선 침범,승용차,승용차,2,3117
2019-12-18 16:00:00+09,1,0,0,0,0,인천,미추홀구,차대차,기타,안전운전 의무 불이행,특수차,자전거,1,3118
2019-12-18 17:00:00+09,1,4,0,4,0,전남,목포시,차대차,측면충돌,신호위반,승합차,승용차,1,3119
2019-12-18 18:00:00+09,1,6,1,5,0,부산,연제구,차대차,기타,과속,승용차,승용차,8,3120
2019-12-18 18:00:00+09,1,0,0,0,0,충남,서산시,차대차,추돌,안전운전 의무 불이행,화물차,건설기계,5,3121
2019-12-18 18:00:00+09,1,0,0,0,0,충남,홍성군,차대사람,횡단중,과속,승용차,보행자,5,3122
2019-12-19 01:00:00+09,1,0,0,0,0,전남,고흥군,차량단독,도로이탈,안전운전 의무 불이행,원동기장치자전거,없음,5,3123
2019-12-19 02:00:00+09,1,0,0,0,0,강원,원주시,차대차,측면충돌,안전운전 의무 불이행,승용차,화물차,1,3124
2019-12-19 04:00:00+09,1,1,0,1,0,대전,서구,차대차,측면충돌,신호위반,이륜차,승합차,1,3125
2019-12-19 05:00:00+09,1,0,0,0,0,경기,김포시,차대사람,횡단중,보행자 보호의무 위반,화물차,보행자,1,3126
2019-12-19 06:00:00+09,1,0,0,0,0,강원,동해시,차대사람,횡단중,안전운전 의무 불이행,승용차,보행자,5,3127
2019-12-19 06:00:00+09,1,0,0,0,0,전북,고창군,차대사람,횡단중,안전운전 의무 불이행,승용차,보행자,4,3128
2019-12-19 06:00:00+09,1,0,0,0,0,울산,울주군,차량단독,도로이탈,안전운전 의무 불이행,승용차,없음,9,3129
2019-12-19 08:00:00+09,1,0,0,0,0,전남,장흥군,차대차,측면충돌,교차로 통행방법 위반,이륜차,화물차,1,3130
2019-12-19 10:00:00+09,1,0,0,0,0,광주,북구,차대차,측면충돌,안전운전 의무 불이행,이륜차,승용차,5,3131
2019-12-19 20:00:00+09,1,0,0,0,0,경남,거제시,차대사람,차도통행중,안전운전 의무 불이행,승용차,보행자,5,3132
2019-12-19 22:00:00+09,1,0,0,0,0,전남,목포시,차대사람,기타,보행자 보호의무 위반,승용차,보행자,5,3133
2019-12-19 22:00:00+09,1,0,0,0,0,경북,경주시,차대차,기타,신호위반,승용차,승용차,1,3134
2019-12-19 22:00:00+09,1,0,0,0,0,경남,진주시,차대사람,기타,안전운전 의무 불이행,승합차,보행자,3,3135
2019-12-20 00:00:00+09,1,0,0,0,0,충북,청주시,차대차,추돌,안전운전 의무 불이행,승용차,화물차,5,3136
2019-12-20 02:00:00+09,1,0,0,0,0,서울,구로구,차대사람,횡단중,과속,승용차,보행자,5,3137
2019-12-20 02:00:00+09,1,0,0,0,0,충남,천안시,차대사람,기타,안전운전 의무 불이행,승용차,보행자,1,3138
2019-12-20 05:00:00+09,2,0,0,0,0,충북,청주시,차대사람,보도통행중,안전운전 의무 불이행,화물차,보행자,2,3139
2019-12-20 06:00:00+09,1,0,0,0,0,전남,해남군,차대사람,횡단중,안전운전 의무 불이행,승용차,보행자,1,3140
2019-12-20 17:00:00+09,1,8,6,2,0,경남,양산시,차대차,추돌,과속,승용차,화물차,5,3141
2019-12-20 18:00:00+09,1,0,0,0,0,경북,포항시,차대차,정면충돌,안전운전 의무 불이행,승용차,이륜차,2,3142
2019-12-20 21:00:00+09,1,0,0,0,0,충북,청주시,차량단독,공작물충돌,안전운전 의무 불이행,승용차,없음,5,3143
2019-12-20 21:00:00+09,1,0,0,0,0,충남,당진시,차대차,측면충돌,안전운전 의무 불이행,승용차,승용차,5,3144
2019-12-20 23:00:00+09,1,1,1,0,0,경북,구미시,차대사람,횡단중,보행자 보호의무 위반,승용차,보행자,5,3145
2019-12-21 00:00:00+09,1,0,0,0,0,경기,부천시,차대사람,차도통행중,안전운전 의무 불이행,승용차,보행자,5,3146
2019-12-21 00:00:00+09,1,1,0,1,0,전북,군산시,차대사람,횡단중,보행자 보호의무 위반,승용차,보행자,3,3147
2019-12-21 00:00:00+09,1,4,2,2,0,경남,거제시,차대차,기타,중앙선 침범,승용차,승용차,5,3148
2019-12-21 05:00:00+09,1,0,0,0,0,경기,성남시,차대차,추돌,안전운전 의무 불이행,기타,화물차,5,3149
2019-12-21 06:00:00+09,1,0,0,0,0,경남,거제시,차대사람,기타,과속,승용차,보행자,5,3150
2019-12-21 15:00:00+09,1,0,0,0,0,경기,하남시,차량단독,기타,안전운전 의무 불이행,이륜차,없음,5,3151
2019-12-21 18:00:00+09,1,0,0,0,0,경기,안양시,차대사람,차도통행중,안전운전 의무 불이행,승용차,보행자,5,3152
2019-12-21 18:00:00+09,1,0,0,0,0,충남,태안군,차대사람,횡단중,안전운전 의무 불이행,승용차,보행자,1,3153
2019-12-21 19:00:00+09,2,3,0,3,0,경기,시흥시,차대차,측면충돌,안전거리 미확보,화물차,승용차,9,3154
2019-12-21 20:00:00+09,1,4,1,2,1,인천,남동구,차대차,정면충돌,중앙선 침범,승합차,승용차,9,3155
2019-12-21 22:00:00+09,1,0,0,0,0,경기,안양시,차대차,정면충돌,신호위반,승용차,이륜차,1,3156
2019-12-22 06:00:00+09,1,0,0,0,0,경남,김해시,차대사람,차도통행중,안전운전 의무 불이행,승용차,보행자,5,3157
2019-12-22 08:00:00+09,1,0,0,0,0,경기,남양주시,차량단독,기타,안전운전 의무 불이행,승용차,없음,8,3158
2019-12-22 09:00:00+09,1,0,0,0,0,서울,서초구,차대사람,기타,안전운전 의무 불이행,승용차,보행자,4,3159
2019-12-22 12:00:00+09,1,0,0,0,0,부산,금정구,차대사람,횡단중,안전운전 의무 불이행,승합차,보행자,5,3160
2019-12-22 17:00:00+09,1,0,0,0,0,경북,청도군,차대차,추돌,안전운전 의무 불이행,화물차,농기계,5,3161
2019-12-22 19:00:00+09,1,0,0,0,0,충북,충주시,차량단독,공작물충돌,안전운전 의무 불이행,화물차,없음,5,3162
2019-12-22 19:00:00+09,1,0,0,0,0,전북,군산시,차량단독,공작물충돌,안전운전 의무 불이행,화물차,없음,5,3163
2019-12-23 04:00:00+09,1,1,1,0,0,충남,보령시,차대차,추돌,안전운전 의무 불이행,화물차,특수차,5,3164
2019-12-23 08:00:00+09,1,17,7,10,0,전남,순천시,차대차,기타,과속,승합차,승용차,5,3165
2019-12-23 09:00:00+09,1,0,0,0,0,울산,북구,차대차,기타,안전운전 의무 불이행,승용차,자전거,1,3166
2019-12-23 12:00:00+09,1,0,0,0,0,강원,횡성군,차대차,기타,안전운전 의무 불이행,화물차,원동기장치자전거,1,3167
2019-12-23 13:00:00+09,1,0,0,0,0,전북,전주시,차대사람,기타,안전운전 의무 불이행,승용차,보행자,4,3168
2019-12-23 20:00:00+09,1,1,0,1,0,대구,북구,차대차,추돌,안전운전 의무 불이행,승용차,화물차,7,3169
2019-12-23 22:00:00+09,1,1,0,1,0,경기,화성시,차대차,정면충돌,중앙선 침범,승용차,승용차,5,3170
2019-12-24 04:00:00+09,1,0,0,0,0,충북,청주시,차대사람,차도통행중,안전운전 의무 불이행,화물차,보행자,5,3171
2019-12-24 11:00:00+09,1,0,0,0,0,충남,서천군,차량단독,공작물충돌,안전운전 의무 불이행,이륜차,없음,2,3172
2019-12-24 11:00:00+09,1,1,1,0,0,경북,경주시,차대차,측면충돌,안전운전 의무 불이행,승용차,승합차,2,3173
2019-12-24 14:00:00+09,1,0,0,0,0,충남,당진시,차량단독,공작물충돌,안전운전 의무 불이행,특수차,없음,5,3174
2019-12-24 18:00:00+09,1,0,0,0,0,충남,공주시,차대사람,횡단중,신호위반,승용차,보행자,3,3175
2019-12-24 18:00:00+09,1,0,0,0,0,경북,예천군,차대차,정면충돌,중앙선 침범,이륜차,승용차,5,3176
2019-12-24 22:00:00+09,1,0,0,0,0,경북,청도군,차량단독,도로이탈,안전운전 의무 불이행,화물차,없음,2,3177
2019-12-25 08:00:00+09,1,0,0,0,0,인천,강화군,차량단독,전복,안전운전 의무 불이행,화물차,없음,5,3178
2019-12-25 17:00:00+09,1,1,1,0,0,경기,이천시,차대차,정면충돌,중앙선 침범,승용차,특수차,5,3179
2019-12-25 17:00:00+09,1,0,0,0,0,전북,전주시,차대사람,횡단중,안전운전 의무 불이행,승용차,보행자,5,3180
2019-12-25 17:00:00+09,1,0,0,0,0,전남,영광군,차대사람,횡단중,안전운전 의무 불이행,화물차,보행자,5,3181
2019-12-25 18:00:00+09,1,2,1,1,0,경북,성주군,차대차,추돌,안전운전 의무 불이행,화물차,농기계,5,3182
2019-12-25 20:00:00+09,1,0,0,0,0,전북,정읍시,차대사람,기타,안전운전 의무 불이행,화물차,보행자,1,3183
2019-12-25 22:00:00+09,1,0,0,0,0,충남,논산시,차량단독,도로이탈,안전운전 의무 불이행,자전거,없음,5,3184
2019-12-26 09:00:00+09,1,0,0,0,0,경남,진주시,차량단독,전도,안전운전 의무 불이행,이륜차,없음,5,3185
2019-12-26 10:00:00+09,1,0,0,0,0,경북,의성군,차량단독,공작물충돌,안전운전 의무 불이행,화물차,없음,5,3186
2019-12-26 14:00:00+09,2,0,0,0,0,전남,여수시,차대차,추돌,안전거리 미확보,사륜오토바이(ATV),특수차,5,3187
2019-12-26 16:00:00+09,1,0,0,0,0,서울,은평구,차대차,측면충돌,신호위반,승용차,이륜차,1,3188
2019-12-26 17:00:00+09,1,0,0,0,0,경기,광명시,차대사람,횡단중,보행자 보호의무 위반,화물차,보행자,3,3189
2019-12-26 17:00:00+09,1,0,0,0,0,경기,안산시,차대사람,기타,안전운전 의무 불이행,승용차,보행자,5,3190
2019-12-26 17:00:00+09,1,0,0,0,0,충남,보령시,차대사람,횡단중,안전운전 의무 불이행,승용차,보행자,2,3191
2019-12-26 17:00:00+09,1,0,0,0,0,전남,장성군,차대사람,차도통행중,안전운전 의무 불이행,승용차,보행자,5,3192
2019-12-27 06:00:00+09,1,0,0,0,0,경남,양산시,차량단독,기타,안전운전 의무 불이행,이륜차,없음,5,3193
2019-12-27 06:00:00+09,1,0,0,0,0,경기,고양시,차대사람,횡단중,과속,승용차,보행자,5,3194
2019-12-27 09:00:00+09,1,0,0,0,0,경북,칠곡군,차대차,측면충돌,중앙선 침범,이륜차,건설기계,5,3195
2019-12-27 12:00:00+09,1,1,0,1,0,경남,김해시,차대차,측면충돌,신호위반,이륜차,승용차,1,3196
2019-12-27 13:00:00+09,1,0,0,0,0,경북,의성군,차대차,측면충돌,신호위반,이륜차,화물차,1,3197
2019-12-27 18:00:00+09,1,0,0,0,0,제주,서귀포시,차대사람,차도통행중,안전운전 의무 불이행,승용차,보행자,5,3198
2019-12-27 20:00:00+09,1,1,1,0,0,강원,춘천시,차대차,측면충돌,신호위반,화물차,이륜차,1,3199
2019-12-27 20:00:00+09,1,0,0,0,0,전북,고창군,차대사람,횡단중,안전운전 의무 불이행,승용차,보행자,5,3200
2019-12-27 20:00:00+09,1,0,0,0,0,경기,파주시,차대차,추돌,안전운전 의무 불이행,승용차,이륜차,5,3201
2019-12-28 01:00:00+09,1,0,0,0,0,제주,제주시,차대사람,횡단중,안전운전 의무 불이행,화물차,보행자,1,3202
2019-12-28 05:00:00+09,1,0,0,0,0,경기,성남시,차대사람,차도통행중,안전운전 의무 불이행,화물차,보행자,5,3203
2019-12-28 05:00:00+09,1,0,0,0,0,경남,진주시,차대사람,횡단중,안전운전 의무 불이행,승용차,보행자,1,3204
2019-12-28 06:00:00+09,1,0,0,0,0,전남,고흥군,차대사람,차도통행중,과속,화물차,보행자,5,3205
2019-12-28 08:00:00+09,1,1,0,1,0,경북,구미시,차대차,추돌,안전운전 의무 불이행,화물차,화물차,2,3206
2019-12-28 09:00:00+09,1,0,0,0,0,경북,상주시,차량단독,공작물충돌,안전운전 의무 불이행,승용차,없음,5,3207
2019-12-28 10:00:00+09,2,0,0,0,0,울산,울주군,차대차,추돌,안전거리 미확보,화물차,이륜차,5,3208
2019-12-28 12:00:00+09,1,0,0,0,0,경기,성남시,차대차,기타,안전거리 미확보,화물차,화물차,5,3209
2019-12-28 14:00:00+09,1,1,1,0,0,경기,가평군,차대사람,기타,안전운전 의무 불이행,승용차,보행자,5,3210
2019-12-29 01:00:00+09,1,0,0,0,0,대구,중구,차량단독,기타,안전운전 의무 불이행,이륜차,없음,2,3211
2019-12-29 06:00:00+09,1,0,0,0,0,울산,중구,차대사람,횡단중,안전운전 의무 불이행,승용차,보행자,1,3212
2019-12-29 14:00:00+09,1,0,0,0,0,충남,보령시,차량단독,전복,안전운전 의무 불이행,승용차,없음,5,3213
2019-12-29 14:00:00+09,1,0,0,0,0,충남,예산군,차량단독,공작물충돌,안전운전 의무 불이행,승용차,없음,5,3214
2019-12-29 22:00:00+09,1,4,2,2,0,경북,경주시,차대차,측면충돌,과속,승용차,승용차,5,3215
2019-12-29 23:00:00+09,1,0,0,0,0,서울,동대문구,차대사람,횡단중,과속,승용차,보행자,5,3216
2019-12-30 00:00:00+09,1,0,0,0,0,서울,관악구,차대사람,차도통행중,안전운전 의무 불이행,승용차,보행자,5,3217
2019-12-30 06:00:00+09,1,0,0,0,0,충남,서산시,차대차,추돌,안전운전 의무 불이행,승용차,자전거,5,3218
2019-12-30 06:00:00+09,1,0,0,0,0,경북,경산시,차대사람,차도통행중,안전운전 의무 불이행,화물차,보행자,2,3219
2019-12-30 07:00:00+09,1,1,0,1,0,경기,수원시,차대차,기타,중앙선 침범,승용차,승용차,1,3220
2019-12-30 14:00:00+09,1,0,0,0,0,대구,서구,차대사람,기타,안전운전 의무 불이행,승용차,보행자,1,3221
2019-12-30 16:00:00+09,1,0,0,0,0,충남,예산군,차량단독,공작물충돌,안전운전 의무 불이행,승용차,없음,1,3222
2019-12-30 18:00:00+09,1,0,0,0,0,전남,영광군,차대차,측면충돌,기타,승용차,이륜차,1,3223
2019-12-30 20:00:00+09,1,0,0,0,0,부산,동래구,차대사람,횡단중,안전운전 의무 불이행,승합차,보행자,5,3224
2019-12-30 21:00:00+09,1,0,0,0,0,경기,안성시,차대사람,기타,안전운전 의무 불이행,승합차,보행자,5,3225
2019-12-30 22:00:00+09,1,0,0,0,0,강원,춘천시,차량단독,도로이탈,안전운전 의무 불이행,화물차,없음,5,3226
2019-12-31 00:00:00+09,1,1,1,0,0,강원,원주시,차대사람,차도통행중,안전운전 의무 불이행,승용차,보행자,5,3227
2019-12-31 01:00:00+09,1,0,0,0,0,서울,서초구,차대차,측면충돌,안전운전 의무 불이행,승용차,이륜차,5,3228
2019-12-31 05:00:00+09,1,0,0,0,0,서울,강남구,차대사람,차도통행중,안전운전 의무 불이행,화물차,보행자,2,3229
2019-12-31 08:00:00+09,1,1,0,1,0,강원,양양군,차대차,추돌,안전운전 의무 불이행,승용차,건설기계,1,3230
2019-12-31 12:00:00+09,1,1,0,0,1,경북,칠곡군,차량단독,공작물충돌,안전운전 의무 불이행,승용차,없음,1,3231
2019-12-31 12:00:00+09,1,1,0,1,0,울산,울주군,차대사람,횡단중,기타,승용차,보행자,2,3232
2019-12-31 16:00:00+09,1,0,0,0,0,경남,창원시,차대차,기타,안전운전 의무 불이행,승용차,원동기장치자전거,5,3233